date,open,close,high,low,change_pct,volume,turnover_rate,pe,pb
2021-06-18,5.2481,6.301,6.301,5.2481,44.0299,14063267,3.07,14.04,1.5461
2021-06-21,6.9295,6.9295,6.9295,6.8234,9.9741,56620325,12.3603,15.4404,1.7003
2021-06-22,7.6233,7.6233,7.6233,7.003,10.0118,125117706,27.3133,16.9863,1.8705
2021-06-23,8.3823,8.3823,8.3823,8.0804,9.9572,60056074,13.1103,18.6776,2.0568
2021-06-24,9.223,9.223,9.223,7.7702,10.0292,301878048,65.9002,20.5508,2.263
2021-06-25,9.5985,10.1453,10.1453,9.5903,10.0,165857961,36.2069,22.6059,2.4893
2021-06-28,10.1453,9.1332,10.1453,9.1332,-9.9759,65419211,14.2811,20.3508,2.241
2021-06-29,8.2191,8.2191,8.619,8.2191,-10.0089,268554304,58.6256,18.3139,2.0167
2021-06-30,7.9579,7.5906,7.9579,7.5009,-7.6465,202150796,44.1297,16.9135,1.6303
2021-07-01,7.607,7.3947,7.8028,7.2968,-2.5806,178250181,38.9122,16.4771,1.5882
2021-07-02,7.256,7.0601,7.256,6.9214,-4.5254,129263630,28.2184,15.7314,1.5163
2021-07-05,6.9948,6.8479,7.0438,6.8071,-3.0058,87819423,19.1711,15.2586,1.4708
2021-07-06,6.8152,7.003,7.0601,6.7663,2.2646,120260478,26.253,15.6041,1.5041
2021-07-07,6.8805,6.7173,6.8887,6.6847,-4.0793,98434389,21.4883,14.9676,1.4427
2021-07-08,6.7908,6.6194,6.8479,6.5704,-1.4581,102708747,22.4214,14.7493,1.4217
2021-07-09,6.5622,6.6438,6.6602,6.4561,0.3699,78828316,17.2083,14.8039,1.4269
2021-07-12,6.8152,6.6112,6.8152,6.5867,-0.4914,79594834,17.3756,14.7311,1.4199
2021-07-13,6.5459,6.6438,6.7091,6.4643,0.4938,72140839,15.7484,14.8039,1.4269
2021-07-14,6.5785,6.448,6.5949,6.4398,-2.9484,61827955,13.4971,14.3674,1.3849
2021-07-15,6.4071,6.6847,6.9703,6.4071,3.6709,138538303,30.243,14.8948,1.4357
2021-07-16,6.5214,6.4071,6.5214,6.3745,-4.1514,90531661,19.7631,14.2765,1.3761
2021-07-19,6.3745,6.1296,6.3827,6.1215,-4.3312,66589668,14.5366,13.6581,1.3165
2021-07-20,6.0562,6.0725,6.1541,5.9746,-0.9321,44300471,9.6708,13.5308,1.3042
2021-07-21,6.0725,6.0725,6.146,6.0317,0.0,39062381,8.5274,13.5308,1.3042
2021-07-22,6.0888,6.0562,6.1378,6.048,-0.2688,36978880,8.0725,13.4945,1.3007
2021-07-23,6.0235,5.8766,6.0888,5.8032,-2.965,65168222,14.2263,13.0943,1.2622
2021-07-26,5.8276,5.6073,5.8276,5.5991,-4.5833,54411261,11.878,12.4942,1.2043
2021-07-27,5.6318,5.5175,5.7052,5.5012,-1.6012,42813753,9.3463,12.2941,1.185
2021-07-28,5.5093,5.493,5.6889,5.4767,-0.4438,49379517,10.7796,12.2396,1.1798
2021-07-29,5.4359,5.542,5.5501,5.3624,0.8915,49656477,10.8401,12.3487,1.1903
2021-07-30,5.4767,5.3624,5.4848,5.3461,-3.2401,40098096,8.7535,11.9486,1.1517
2021-08-02,5.3134,5.4359,5.5338,5.2726,1.3699,46743128,10.2041,12.1123,1.1675
2021-08-03,5.3869,5.3869,5.4685,5.3624,-0.9009,33813037,7.3814,12.0032,1.157
2021-08-04,5.3951,5.3787,5.4359,5.3543,-0.1515,25845302,5.6421,11.985,1.1552
2021-08-05,5.3624,5.3134,5.4359,5.3053,-1.214,34455594,7.5217,11.8395,1.1412
2021-08-06,5.3053,5.3216,5.3706,5.2481,0.1536,29229045,6.3807,11.8577,1.1429
2021-08-09,5.3461,5.4359,5.493,5.3216,2.1472,51071300,11.1489,12.1123,1.1675
2021-08-10,5.4114,5.5257,5.5257,5.3624,1.6517,51571046,11.258,12.3123,1.1868
2021-08-11,5.5583,5.6481,5.999,5.5583,2.2157,99797200,21.7858,12.5851,1.2131
2021-08-12,5.5828,5.4767,5.6481,5.4767,-3.0347,61609757,13.4495,12.2032,1.1763
2021-08-13,5.4848,5.4277,5.493,5.3787,-0.8942,36728230,8.0178,12.0941,1.1657
2021-08-16,5.4685,5.6807,5.8358,5.4195,4.6617,82714302,18.0566,12.6579,1.2201
2021-08-17,5.6399,5.6073,5.8032,5.5746,-1.2931,64176298,14.0097,12.4942,1.2043
2021-08-18,5.5501,5.8603,5.9338,5.5501,4.5124,102047730,22.2771,13.058,1.2586
2021-08-19,5.795,5.6889,5.8276,5.6318,-2.9248,61888098,13.5102,12.6761,1.2218
2021-08-20,5.647,5.3454,5.647,5.2867,-6.0383,62173597,13.5726,11.603,1.1184
2021-08-23,5.2867,5.337,5.3705,5.2784,-0.1567,29300223,6.3963,11.5849,1.1167
2021-08-24,5.3202,5.2951,5.3705,5.2784,-0.7849,29750018,6.4945,11.4939,1.1079
2021-08-25,5.2784,5.1862,5.2867,5.1778,-2.057,37593069,8.2066,11.2575,1.0851
2021-08-26,5.1778,5.1946,5.2281,5.1527,0.1616,26224405,5.7248,11.2757,1.0869
2021-08-27,5.1778,5.1024,5.203,5.0857,-1.7742,28853096,6.2987,11.0756,1.0676
2021-08-30,5.1108,4.9432,5.1275,4.9348,-3.1199,32637224,7.1247,10.7301,1.0343
2021-08-31,4.9348,4.9516,4.9767,4.8678,0.1695,24300415,5.3048,10.7483,1.036
2021-09-01,4.9432,5.0773,5.1108,4.9013,2.5381,38509565,8.4067,11.0211,1.0623
2021-09-02,5.0857,5.0521,5.0857,5.0019,-0.495,24930876,5.4424,10.9665,1.0571
2021-09-03,5.0605,5.0857,5.1862,5.027,0.6633,35361150,7.7194,11.0393,1.0641
2021-09-06,5.0521,5.094,5.1024,5.0354,0.1647,22212009,4.8489,11.0574,1.0658
2021-09-07,5.1024,5.1275,5.1527,5.0521,0.6579,30562980,6.6719,11.1302,1.0728
2021-09-08,5.1108,5.1527,5.1862,5.1024,0.4902,30433107,6.6436,11.1848,1.0781
2021-09-09,5.1359,5.2113,5.27,5.1108,1.1382,36074311,7.8751,11.3121,1.0904
2021-09-10,5.1946,5.27,5.4794,5.1611,1.1254,75411992,16.4625,11.4394,1.1026
2021-09-13,5.1946,5.1527,5.203,5.1275,-2.2258,37191308,8.1189,11.1848,1.0781
2021-09-14,5.1527,5.0019,5.1694,4.9935,-2.9268,34269162,7.481,10.8574,1.0465
2021-09-15,5.0019,5.0019,5.0605,4.9767,0.0,16139365,3.5232,10.8574,1.0465
2021-09-16,5.0019,4.9432,5.0438,4.9432,-1.1725,18047787,3.9398,10.7301,1.0343
2021-09-17,4.9432,4.9097,4.9516,4.9013,-0.678,16733189,3.6529,10.6573,1.0273
2021-09-22,4.8259,4.8175,4.8427,4.7757,-1.8771,18509831,4.0407,10.4573,1.008
2021-09-23,4.8175,4.8427,4.893,4.8175,0.5217,12519444,2.733,10.5119,1.0132
2021-09-24,4.8427,4.7924,4.8594,4.784,-1.0381,12740287,2.7812,10.4027,1.0027
2021-09-27,4.7924,4.717,4.8092,4.6919,-1.5734,17234493,3.7623,10.2391,0.9869
2021-09-28,4.7002,4.7589,4.8092,4.7002,0.8881,14395085,3.1425,10.33,0.9957
2021-09-29,4.7254,4.8427,4.9851,4.6919,1.7606,27274751,5.9541,10.5119,1.0132
2021-09-30,4.8175,4.7924,4.8175,4.7421,-1.0381,16724476,3.651,10.4027,1.0149
2021-10-08,4.8092,4.8427,4.8678,4.784,1.049,14252166,3.1113,10.5119,1.0256
2021-10-11,4.8343,4.9013,5.0521,4.8175,1.2111,26140853,5.7066,10.6392,1.038
2021-10-12,4.8427,4.8092,4.8678,4.7924,-1.8803,16999048,3.7109,10.4391,1.0185
2021-10-13,4.7757,5.0102,5.0857,4.7421,4.1812,49703864,10.8504,10.8756,1.061
2021-10-14,4.9181,4.9265,4.9767,4.9013,-1.6722,25467083,5.5595,10.6937,1.0433
2021-10-15,4.9097,4.8511,4.9767,4.8343,-1.5306,22406944,4.8915,10.53,1.0273
2021-10-18,4.7924,4.8343,4.8594,4.784,-0.3454,14030144,3.0628,10.4937,1.0238
2021-10-19,4.8259,4.8511,4.8846,4.8008,0.3466,13238370,2.8899,10.53,1.0273
2021-10-20,4.8762,4.8092,4.8762,4.8008,-0.8636,11094600,2.422,10.4391,1.0185
2021-10-21,4.8175,4.893,4.96,4.8175,1.7422,28562113,6.2351,10.621,1.0362
2021-10-22,4.893,4.9013,4.9684,4.8678,0.1712,22203038,4.8469,10.6392,1.038
2021-10-25,4.8678,4.8427,4.8762,4.7924,-1.1966,15026609,3.2803,10.5119,1.0256
2021-10-26,4.8092,4.8259,4.8678,4.8092,-0.346,12185284,2.6601,10.4755,1.022
2021-10-27,4.8092,4.717,4.8175,4.717,-2.2569,16200121,3.5365,10.2391,0.9989
2021-10-28,4.717,4.5746,4.7338,4.5746,-3.0195,16592872,3.6222,9.9299,0.9688
2021-10-29,4.5746,4.583,4.6165,4.5411,0.1832,10414931,2.2736,9.9481,0.9706
2021-11-01,4.583,4.6248,4.6584,4.5662,0.9141,9881519,2.1571,10.039,0.9794
2021-11-02,4.6165,4.5075,4.6248,4.4992,-2.5362,15843444,3.4586,9.7844,0.9546
2021-11-03,4.474,4.5159,4.5411,4.474,0.1859,7593500,1.6577,9.8026,0.9564
2021-11-04,4.5075,4.5243,4.5327,4.4908,0.1855,7634834,1.6667,9.8208,0.9581
2021-11-05,4.5243,4.4992,4.5411,4.4908,-0.5556,8076856,1.7632,9.7662,0.9528
2021-11-08,4.4992,4.5411,4.5494,4.474,0.9311,8917456,1.9467,9.8571,0.9617
2021-11-09,4.5327,4.5494,4.5494,4.5159,0.1845,7282204,1.5897,9.8753,0.9635
2021-11-10,4.5411,4.5746,4.6248,4.5075,0.5525,11533342,2.5177,9.9299,0.9688
2021-11-11,4.5494,4.6081,4.6332,4.5411,0.7326,13685654,2.9876,10.0026,0.9759
2021-11-12,4.5997,4.583,4.6081,4.5494,-0.5455,9502023,2.0743,9.9481,0.9706
2021-11-15,4.583,4.5913,4.5997,4.5494,0.1828,9396072,2.0512,9.9663,0.9723
2021-11-16,4.5913,4.5411,4.6081,4.5411,-1.0949,8273900,1.8062,9.8571,0.9617
2021-11-17,4.5327,4.5327,4.5578,4.5159,-0.1845,7373497,1.6096,9.8389,0.9599
2021-11-18,4.5243,4.5159,4.5411,4.5159,-0.3697,7763257,1.6947,9.8026,0.9564
2021-11-19,4.5159,4.5746,4.583,4.5075,1.2987,11897795,2.5973,9.9299,0.9688
2021-11-22,4.5578,4.5494,4.5746,4.5327,-0.5495,9206500,2.0098,9.8753,0.9635
2021-11-23,4.5411,4.5997,4.5997,4.5411,1.105,12528231,2.7349,9.9844,0.9741
2021-11-24,4.5997,4.6667,4.7505,4.5746,1.4572,22626695,4.9394,10.1299,0.9883
2021-11-25,4.65,4.6332,4.6667,4.6165,-0.7181,12255247,2.6753,10.0572,0.9812
2021-11-26,4.6416,4.6165,4.6584,4.5997,-0.3617,9721134,2.1221,10.0208,0.9776
2021-11-29,4.5578,4.5746,4.6332,4.5578,-0.9074,11497177,2.5098,9.9299,0.9688
2021-11-30,4.5997,4.5997,4.6165,4.5662,0.5495,7928174,1.7307,9.9844,0.9741
2021-12-01,4.583,4.6584,4.6584,4.5662,1.275,13939100,3.0429,10.1117,0.9865
2021-12-02,4.6751,4.6667,4.7002,4.6332,0.1799,13347100,2.9137,10.1299,0.9883
2021-12-03,4.6751,4.6751,4.6919,4.6165,0.1795,12908119,2.8179,10.1481,0.9901
2021-12-06,4.7338,4.7421,4.9013,4.6835,1.4337,48401392,10.5661,10.2936,1.0043
2021-12-07,4.784,4.7086,4.8175,4.6667,-0.7067,29279062,6.3916,10.2209,0.9972
2021-12-08,4.7086,4.7254,4.7254,4.6667,0.3559,17086531,3.73,10.2572,1.0007
2021-12-09,4.7086,4.8594,4.9432,4.6919,2.8369,57597428,12.5736,10.5482,1.0291
2021-12-10,4.784,4.7757,4.8427,4.7589,-1.7241,37910807,8.276,10.3664,1.0114
2021-12-13,4.7757,4.7589,4.8511,4.7338,-0.3509,23798470,5.1952,10.33,1.0078
2021-12-14,4.7338,4.7002,4.7505,4.6919,-1.2324,17410539,3.8007,10.2027,0.9954
2021-12-15,4.7002,4.7086,4.7421,4.6919,0.1783,14367857,3.1365,10.2209,0.9972
2021-12-16,4.7086,4.717,4.7338,4.6835,0.1779,11676626,2.549,10.2391,0.9989
2021-12-17,4.717,4.717,4.7505,4.6919,0.0,14074870,3.0726,10.2391,0.9989
2021-12-20,4.6919,4.6584,4.7086,4.65,-1.2433,13559900,2.9601,10.1117,0.9865
2021-12-21,4.6584,4.8008,4.8511,4.65,3.0576,31147802,6.7996,10.4209,1.0167
2021-12-22,4.8008,4.7589,4.8259,4.7421,-0.8726,19004367,4.1487,10.33,1.0078
2021-12-23,4.7421,4.717,4.784,4.7086,-0.8803,12776737,2.7892,10.2391,0.9989
2021-12-24,4.717,4.6919,4.7254,4.6751,-0.5329,12355895,2.6973,10.1845,0.9936
2021-12-27,4.6919,4.6835,4.7002,4.6584,-0.1786,9172856,2.0024,10.1663,0.9918
2021-12-28,4.6751,4.7086,4.7086,4.6751,0.5367,9161766,2.0,10.2209,0.9972
2021-12-29,4.6919,4.6667,4.7086,4.6667,-0.8897,7873215,1.7187,10.1299,0.9883
2021-12-30,4.6667,4.6751,4.717,4.6584,0.1795,8613890,1.8804,10.1481,0.9901
2021-12-31,4.6667,4.6751,4.6919,4.6667,0.0,8330178,1.8185,8.4203,0.9517
2022-01-04,4.6751,4.717,4.7254,4.6584,0.8961,13007614,2.8396,8.4958,0.9603
2022-01-05,4.7254,4.7421,4.784,4.7086,0.5329,23211477,5.0671,8.541,0.9654
2022-01-06,4.7338,4.7254,4.7673,4.717,-0.3534,13849901,3.0234,8.5108,0.962
2022-01-07,4.7254,4.7757,4.8259,4.7002,1.0638,29997541,6.5485,8.6014,0.9722
2022-01-10,4.8008,4.8008,4.8511,4.7505,0.5263,20664000,4.511,8.6467,0.9773
2022-01-11,4.7757,4.7924,4.8594,4.7589,-0.1745,21837306,4.7671,8.6316,0.9756
2022-01-12,4.8259,4.7673,4.8343,4.7421,-0.5245,16104419,3.5156,8.5863,0.9705
2022-01-13,4.7757,4.8175,4.9265,4.7505,1.0545,36821738,8.0382,8.6768,0.9807
2022-01-14,4.8008,4.6919,4.8175,4.6919,-2.6087,24429573,5.333,8.4505,0.9551
2022-01-17,4.6835,4.6919,4.717,4.6751,0.0,11647095,2.5426,8.4505,0.9551
2022-01-18,4.7002,4.7338,4.7421,4.6835,0.8929,17394945,3.7973,8.5259,0.9637
2022-01-19,4.7254,4.7924,4.8343,4.7086,1.2389,26187450,5.7167,8.6316,0.9756
2022-01-20,4.784,5.1024,5.27,4.7505,6.4685,135975049,29.6835,9.1899,1.0387
2022-01-21,4.9432,4.9432,5.0186,4.8594,-3.1199,95414744,20.8291,8.9032,1.0063
2022-01-24,4.9097,4.8594,4.96,4.8259,-1.6949,43866118,9.576,8.7523,0.9893
2022-01-25,4.8427,4.6332,4.8594,4.6248,-4.6552,42513731,9.2808,8.3449,0.9432
2022-01-26,4.65,4.5913,4.6751,4.5159,-0.9042,32837591,7.1685,8.2694,0.9347
2022-01-27,4.5662,4.6332,4.8092,4.4824,0.9124,43890079,9.5812,8.3449,0.9432
2022-01-28,4.5913,4.5494,4.6332,4.5411,-1.8083,28185597,6.1529,8.194,0.9261
2022-02-07,4.5913,4.6248,4.6584,4.5662,1.6575,23759841,5.1868,8.3298,0.9415
2022-02-08,4.6165,4.8008,4.8092,4.5913,3.8043,44574898,9.7307,8.6467,0.9773
2022-02-09,4.7924,4.8259,4.893,4.7673,0.5236,46290674,10.1053,8.6919,0.9824
2022-02-10,4.7924,4.9013,4.9684,4.7757,1.5625,37813985,8.2548,8.8277,0.9978
2022-02-11,4.8511,4.9265,5.0689,4.8511,0.5128,65826371,14.37,8.873,1.0029
2022-02-14,4.8594,4.8511,4.9432,4.8259,-1.5306,41613658,9.0843,8.7372,0.9876
2022-02-15,4.8343,4.8092,4.8762,4.7757,-0.8636,25241788,5.5103,8.6617,0.979
2022-02-16,4.8259,4.8259,4.8678,4.8092,0.3484,17285727,3.7735,8.6919,0.9824
2022-02-17,4.8008,4.784,4.8343,4.7673,-0.8681,17882979,3.9039,8.6165,0.9739
2022-02-18,4.7673,4.8092,4.8092,4.7421,0.5254,17946241,3.9177,8.6617,0.979
2022-02-21,4.7924,4.8175,4.8259,4.7673,0.1742,13595904,2.968,8.6768,0.9807
2022-02-22,4.784,4.7254,4.8092,4.7002,-1.913,16222931,3.5415,8.5108,0.962
2022-02-23,4.7086,4.7254,4.7589,4.7002,0.0,12296074,2.6842,8.5108,0.962
2022-02-24,4.7002,4.5746,4.7421,4.5494,-3.1915,26340662,5.7502,8.2392,0.9313
2022-02-25,4.6081,4.5913,4.6416,4.583,0.3663,13378014,2.9204,8.2694,0.9347
2022-02-28,4.5913,4.5578,4.5913,4.5159,-0.7299,14373640,3.1378,8.209,0.9279
2022-03-01,4.5662,4.5997,4.6081,4.5578,0.9191,14722968,3.214,8.2845,0.9364
2022-03-02,4.5746,4.5997,4.6081,4.5662,0.0,12492446,2.7271,8.2845,0.9364
2022-03-03,4.6081,4.6081,4.6584,4.5997,0.1821,12944000,2.8257,8.2996,0.9381
2022-03-04,4.5997,4.5494,4.5997,4.5411,-1.2727,13037828,2.8462,8.194,0.9261
2022-03-07,4.5411,4.5159,4.5662,4.5075,-0.7366,12359095,2.698,8.1336,0.9193
2022-03-08,4.5159,4.3735,4.5327,4.3567,-3.154,20218540,4.4137,7.8771,0.8903
2022-03-09,4.3735,4.34,4.4489,4.2562,-0.7663,25434496,5.5524,7.8167,0.8835
2022-03-10,4.3567,4.3316,4.3819,4.3232,-0.1931,14776650,3.2258,7.8016,0.8818
2022-03-11,4.2981,4.3567,4.3651,4.2478,0.5803,14872788,3.2467,7.8469,0.8869
2022-03-14,4.2813,4.273,4.3484,4.273,-1.9231,9279988,2.0258,7.696,0.8699
2022-03-15,4.2562,4.1305,4.2981,4.1221,-3.3333,20433203,4.4606,7.4394,0.8409
2022-03-16,4.1473,4.2311,4.2562,4.0384,2.4341,21328292,4.656,7.6205,0.8613
2022-03-17,4.2311,4.2394,4.2981,4.2143,0.198,17386032,3.7954,7.6356,0.863
2022-03-18,4.2143,4.2981,4.3232,4.2059,1.3834,16373666,3.5744,7.7412,0.875
2022-03-21,4.2981,4.2646,4.3148,4.2478,-0.7797,12576586,2.7455,7.6809,0.8682
2022-03-22,4.2646,4.3065,4.3567,4.2562,0.9823,15198831,3.3179,7.7563,0.8767
2022-03-23,4.2981,4.273,4.3065,4.2478,-0.7782,11988500,2.6171,7.696,0.8699
2022-03-24,4.2646,4.2311,4.2813,4.2227,-0.9804,9618472,2.0997,7.6205,0.8613
2022-03-25,4.2311,4.1892,4.2562,4.1892,-0.9901,9467400,2.0667,7.5451,0.8528
2022-03-28,4.1808,4.2394,4.2813,4.1138,1.2,14034646,3.0638,7.6356,0.863
2022-03-29,4.2394,4.2143,4.2562,4.1975,-0.5929,7800600,1.7029,7.5903,0.8579
2022-03-30,4.2311,4.3148,4.34,4.2143,2.3857,19041741,4.1568,7.7714,0.8784
2022-03-31,4.3065,4.3651,4.4238,4.2897,1.165,22983933,5.0174,7.862,0.8677
2022-04-01,4.3316,4.8008,4.8008,4.3232,9.9808,131812086,28.7747,8.6467,0.9543
2022-04-06,4.96,5.2784,5.2784,4.8427,9.9476,133105424,29.057,9.5068,1.0492
2022-04-07,5.3873,5.1359,5.8062,5.1024,-2.6984,265634630,57.9883,9.2503,1.0209
2022-04-08,5.1275,5.647,5.647,5.0354,9.9511,252330812,55.084,10.1708,1.1225
2022-04-11,5.2532,5.0857,5.2867,5.0857,-9.9407,46869371,10.2316,9.1597,1.0109
2022-04-12,4.7338,4.9851,5.3957,4.65,-1.9769,206025133,44.9755,8.9786,0.9909
2022-04-13,4.8846,5.1946,5.2784,4.8678,4.2017,178618913,38.9927,9.3559,1.0326
2022-04-14,5.3538,5.2113,5.3538,5.0102,0.3226,132214533,28.8626,9.3861,1.0359
2022-04-15,5.1359,5.3957,5.6302,5.1359,3.537,159843339,34.8939,9.7181,1.0726
2022-04-18,5.1108,4.9348,5.1359,4.8594,-8.5404,115890174,25.2989,8.8881,0.981
2022-04-19,4.9097,5.0019,5.0689,4.8678,1.3582,74628639,16.2915,9.0088,0.9943
2022-04-20,4.9432,4.8259,5.094,4.7673,-3.5176,79209203,17.2914,8.6919,0.9593
2022-04-21,4.784,4.8511,5.027,4.7589,0.5208,102047831,22.2771,8.7372,0.9643
2022-04-22,4.8427,4.96,5.1024,4.784,2.2453,125054231,27.2995,8.9334,0.9859
2022-04-25,4.8594,5.094,5.3119,4.8175,2.7027,150940964,32.9505,9.1748,1.0126
2022-04-26,5.0186,4.583,5.1694,4.583,-10.0329,122779808,26.8029,8.2543,0.911
2022-04-27,4.3567,4.4321,4.4824,4.1892,-3.2907,95562537,20.8614,7.9827,0.881
2022-04-28,4.3316,4.2227,4.474,4.1975,-4.7259,76878595,16.7827,7.6054,0.8394
2022-04-29,4.2897,4.3986,4.4573,4.2478,4.1667,78897876,17.2235,7.9223,0.8744
2022-05-05,4.3819,4.4489,4.4908,4.3316,1.1429,58235033,12.7128,8.0129,0.8844
2022-05-06,4.3567,4.2478,4.407,4.2394,-4.5198,50554140,11.036,7.6507,0.8444
2022-05-09,4.2311,4.2562,4.3065,4.2311,0.1972,33524678,7.3185,7.6658,0.8461
2022-05-10,4.1975,4.3232,4.3232,4.1305,1.5748,47990869,10.4764,7.7865,0.8594
2022-05-11,4.2981,4.3484,4.4405,4.2813,0.5814,57836808,12.6258,7.8318,0.8644
2022-05-12,4.2981,4.2813,4.34,4.2311,-1.5414,45082378,9.8415,7.7111,0.851
2022-05-13,4.2981,4.273,4.3484,4.2311,-0.1957,41430878,9.0444,7.696,0.8494
2022-05-16,4.273,4.2394,4.2897,4.2143,-0.7843,34796053,7.596,7.6356,0.8427
2022-05-17,4.2311,4.2311,4.2646,4.164,-0.1976,40358859,8.8104,7.6205,0.8411
2022-05-18,4.2478,4.2478,4.2897,4.2227,0.396,39832872,8.6956,7.6507,0.8444
2022-05-19,4.1975,4.2227,4.2311,4.1724,-0.5917,24607300,5.3718,7.6054,0.8394
2022-05-20,4.2394,4.2813,4.34,4.2143,1.3889,48447106,10.576,7.7111,0.851
2022-05-23,4.3148,4.3148,4.3316,4.2646,0.7828,39918511,8.7142,7.7714,0.8577
2022-05-24,4.3232,4.1808,4.34,4.1724,-3.1068,45698280,9.976,7.53,0.8311
2022-05-25,4.164,4.2059,4.2059,4.1557,0.6012,24216073,5.2864,7.5753,0.8361
2022-05-26,4.2059,4.2311,4.2394,4.1724,0.5976,26214665,5.7227,7.6205,0.8411
2022-05-27,4.2311,4.2311,4.273,4.1892,0.0,28577821,6.2386,7.6205,0.8411
2022-05-30,4.2394,4.1975,4.2394,4.1724,-0.7921,25422333,5.5497,7.5602,0.8344
2022-05-31,4.1892,4.2059,4.2059,4.1724,0.1996,22882660,4.9953,7.5753,0.8361
2022-06-01,4.1975,4.1808,4.2059,4.1724,-0.5976,19018087,4.1517,7.53,0.8311
2022-06-02,4.1724,4.164,4.1808,4.1473,-0.4008,20408700,4.4552,7.4998,0.8277
2022-06-06,4.1724,4.1975,4.2059,4.1557,0.8048,23217639,5.0684,7.5602,0.8344
2022-06-07,4.2059,4.2646,4.2981,4.1892,1.5968,48028300,10.4846,7.6809,0.8477
2022-06-08,4.2562,4.2562,4.2813,4.2059,-0.1965,33230293,7.2542,7.6658,0.8461
2022-06-09,4.2562,4.2981,4.3065,4.2311,0.9843,48963166,10.6887,7.7412,0.8544
2022-06-10,4.3316,4.3484,4.3986,4.2478,1.1696,67372572,14.7075,7.8318,0.8644
2022-06-13,4.2981,4.273,4.3148,4.2478,-1.7341,38909843,8.4941,7.696,0.8494
2022-06-14,4.2311,4.4154,4.474,4.2143,3.3333,61356396,13.3942,7.9525,0.8777
2022-06-15,4.3986,4.5746,4.8511,4.3651,3.6053,143575730,31.3427,8.2392,0.9093
2022-06-16,4.4908,4.3484,4.4992,4.3484,-4.9451,79200672,17.2896,7.8318,0.8644
2022-06-17,4.3065,4.2981,4.3567,4.2562,-1.1561,45751925,9.9877,7.7412,0.8544
2022-06-20,4.1808,4.1892,4.2646,4.1473,-2.5341,88020555,4.237,7.5451,0.8327
2022-06-21,4.1724,4.1724,4.1892,4.1473,-0.4,51416678,2.475,7.5149,0.8294
2022-06-22,4.1724,4.097,4.1724,4.0886,-1.8072,48870026,2.3524,7.3791,0.8144
2022-06-23,4.0886,4.1221,4.1389,4.0719,0.6135,32277324,1.5537,7.4244,0.8194
2022-06-24,4.1138,4.097,4.1221,4.0551,-0.6098,45346936,2.1828,7.3791,0.8144
2022-06-27,4.0886,4.1054,4.1054,4.0803,0.2045,24226447,1.1662,7.3942,0.8161
2022-06-28,4.097,4.1054,4.1054,4.0719,0.0,40422230,1.9458,7.3942,0.8161
2022-06-29,4.0886,4.0886,4.1054,4.0719,-0.4082,36462144,1.7552,7.364,0.8127
2022-06-30,4.0886,4.0886,4.097,4.0719,0.0,31048368,1.4946,7.364,0.8146
2022-07-01,4.0886,4.1054,4.1138,4.0719,0.4098,23073675,1.1107,7.3942,0.8179
2022-07-04,4.097,4.0886,4.1054,4.0803,-0.4082,22614886,1.0886,7.364,0.8146
2022-07-05,4.097,4.0886,4.1054,4.0803,0.0,23748898,1.1432,7.364,0.8146
2022-07-06,4.106,4.0451,4.106,4.0364,-1.0638,31031382,1.4937,7.0169,0.7762
2022-07-07,4.0364,4.0016,4.0451,3.9929,-1.0753,27426439,1.3202,6.9415,0.7678
2022-07-08,4.0016,3.9929,4.0016,3.9668,-0.2174,20836277,1.003,6.9264,0.7662
2022-07-11,3.9929,4.0103,4.0277,3.9668,0.4357,26265104,1.2643,6.9566,0.7695
2022-07-12,3.9929,3.9929,4.0277,3.9842,-0.4338,20239686,0.9743,6.9264,0.7662
2022-07-13,3.9929,3.9668,3.9929,3.9581,-0.6536,19054761,0.9172,6.8811,0.7612
2022-07-14,3.9494,3.8798,3.9581,3.8712,-2.193,28845305,1.3885,6.7302,0.7445
2022-07-15,3.8625,3.7668,3.8798,3.7581,-2.9148,28959601,1.394,6.534,0.7228
2022-07-18,3.7581,3.819,3.819,3.7494,1.3857,17602764,0.8473,6.6246,0.7328
2022-07-19,3.819,3.8972,3.9059,3.8103,2.0501,30774071,1.4814,6.7604,0.7478
2022-07-20,3.8885,3.8972,3.9059,3.8625,0.0,23623992,1.1372,6.7604,0.7478
2022-07-21,3.8972,3.8712,3.932,3.8712,-0.6696,22925412,1.1035,6.7151,0.7428
2022-07-22,3.8972,3.8798,3.9059,3.8451,0.2247,15024732,0.7232,6.7302,0.7445
2022-07-25,3.8798,3.8538,3.8885,3.8451,-0.6726,11664953,0.5615,6.6849,0.7395
2022-07-26,3.8625,3.9059,3.9059,3.8364,1.3544,13026094,0.627,6.7755,0.7495
2022-07-27,3.9059,3.8798,3.9059,3.8712,-0.6682,9454000,0.4551,6.7302,0.7445
2022-07-28,3.8885,3.8798,3.8972,3.8712,0.0,11649309,0.5608,6.7302,0.7445
2022-07-29,3.8798,3.8451,3.8885,3.8364,-0.8969,13017525,0.6266,6.6698,0.7378
2022-08-01,3.8451,3.819,3.8451,3.8103,-0.6787,9552609,0.4598,6.6246,0.7328
2022-08-02,3.7929,3.6798,3.8016,3.6537,-3.6446,25555286,1.2301,6.3831,0.7061
2022-08-03,3.6798,3.6624,3.732,3.6537,-0.4728,12796821,0.616,6.353,0.7027
2022-08-04,3.6798,3.6798,3.6885,3.6189,0.4751,11901853,0.5729,6.3831,0.7061
2022-08-05,3.6798,3.7233,3.732,3.6624,1.182,12815595,0.6169,6.4586,0.7144
2022-08-08,3.7233,3.7494,3.7581,3.7059,0.7009,12816585,0.6169,6.5039,0.7194
2022-08-09,3.7494,3.7407,3.7581,3.7059,-0.232,9607085,0.4625,6.4888,0.7178
2022-08-10,3.7494,3.7233,3.7581,3.7059,-0.4651,7797129,0.3753,6.4586,0.7144
2022-08-11,3.732,3.8364,3.8538,3.7233,3.0374,24610064,1.1846,6.6548,0.7361
2022-08-12,3.8103,3.819,3.819,3.7842,-0.4535,13464538,0.6481,6.6246,0.7328
2022-08-15,3.8016,3.7668,3.8103,3.7581,-1.3667,14238500,0.6854,6.534,0.7228
2022-08-16,3.7581,3.7842,3.7929,3.7581,0.4619,9276290,0.4465,6.5642,0.7261
2022-08-17,3.7842,3.8016,3.8103,3.7581,0.4598,10298997,0.4958,6.5944,0.7295
2022-08-18,3.8016,3.7494,3.8016,3.7494,-1.373,9644063,0.4642,6.5039,0.7194
2022-08-19,3.7581,3.7581,3.7842,3.7494,0.232,10298902,0.4958,6.5189,0.7211
2022-08-22,3.7668,3.732,3.7668,3.7233,-0.6944,18199909,0.8761,6.4737,0.7161
2022-08-23,3.7233,3.7146,3.732,3.6972,-0.4662,11121243,0.5353,6.4435,0.7128
2022-08-24,3.7233,3.7494,3.8277,3.7059,0.9368,26149615,1.2587,6.5039,0.7194
2022-08-25,3.7494,3.7494,3.7581,3.6885,0.0,21815003,1.0501,6.5039,0.7194
2022-08-26,3.7407,3.7668,3.8016,3.7146,0.464,20454097,0.9846,6.534,0.7228
2022-08-29,3.7407,3.7755,3.7755,3.7233,0.2309,14725660,0.7088,6.5491,0.7244
2022-08-30,3.8016,3.8364,3.8451,3.7929,1.6129,30116754,1.4497,6.6548,0.7361
2022-08-31,3.8277,3.8016,3.8451,3.7842,-0.907,22604737,1.0881,6.5944,0.7295
2022-09-01,3.7842,3.7581,3.8016,3.7494,-1.1442,21659846,1.0426,6.5189,0.7211
2022-09-02,3.732,3.7233,3.7407,3.7059,-0.9259,18219067,0.877,6.4586,0.7144
2022-09-05,3.7233,3.7407,3.7407,3.6711,0.4673,29529699,1.4215,6.4888,0.7178
2022-09-06,3.7407,3.7581,3.7755,3.7233,0.4651,19680173,0.9473,6.5189,0.7211
2022-09-07,3.7755,3.7494,3.7755,3.7233,-0.2315,14156518,0.6814,6.5039,0.7194
2022-09-08,3.7581,3.7233,3.7581,3.7233,-0.6961,11439022,0.5506,6.4586,0.7144
2022-09-09,3.732,3.7755,3.7842,3.732,1.4019,19444068,0.936,6.5491,0.7244
2022-09-13,3.7842,3.8016,3.8451,3.7755,0.6912,30167782,1.4522,6.5944,0.7295
2022-09-14,3.7842,3.819,3.8451,3.7755,0.4577,25396100,1.2225,6.6246,0.7328
2022-09-15,3.8277,3.8103,3.8538,3.7842,-0.2278,25613310,1.2329,6.6095,0.7311
2022-09-16,3.819,3.7233,3.8277,3.7146,-2.2831,28966401,1.3943,6.4586,0.7144
2022-09-19,3.7581,3.7059,3.7581,3.7059,-0.4673,17996668,0.8663,6.4284,0.7111
2022-09-20,3.7146,3.6885,3.732,3.6798,-0.4695,15049235,0.7244,6.3982,0.7078
2022-09-21,3.6885,3.7233,3.7407,3.6363,0.9434,15806011,0.7608,6.4586,0.7144
2022-09-22,3.7059,3.7146,3.732,3.6972,-0.2336,10186024,0.4903,6.4435,0.7128
2022-09-23,3.7146,3.6972,3.7407,3.6885,-0.4684,12398971,0.5968,6.4133,0.7094
2022-09-26,3.6972,3.6189,3.7059,3.6102,-2.1176,16684467,0.8031,6.2775,0.6944
2022-09-27,3.6102,3.6363,3.645,3.5841,0.4808,12784750,0.6154,6.3077,0.6977
2022-09-28,3.6363,3.6363,3.7233,3.6102,0.0,14937011,0.719,6.3077,0.6977
2022-09-29,3.6363,3.5754,3.6711,3.5667,-1.6746,13325483,0.6414,6.2021,0.6861
2022-09-30,3.5754,3.5667,3.6102,3.5667,-0.2433,7720302,0.3716,6.187,0.6654
2022-10-10,3.5754,3.5406,3.5928,3.5232,-0.7317,10608000,0.5106,6.1417,0.6606
2022-10-11,3.5406,3.5232,3.558,3.4971,-0.4914,10635587,0.512,6.1115,0.6573
2022-10-12,3.5232,3.5754,3.5754,3.5058,1.4815,13417911,0.6459,6.2021,0.667
2022-10-13,3.558,3.5493,3.5754,3.5406,-0.7299,9312311,0.4483,6.1568,0.6622
2022-10-14,3.5667,3.6015,3.6102,3.5667,1.4706,12459100,0.5997,6.2473,0.6719
2022-10-17,3.5754,3.6102,3.6102,3.5667,0.2415,8569600,0.4125,6.2624,0.6735
2022-10-18,3.6189,3.5841,3.6276,3.5841,-0.7229,11383010,0.5479,6.2171,0.6687
2022-10-19,3.5928,3.558,3.6015,3.5493,-0.7282,10173192,0.4897,6.1719,0.6638
2022-10-20,3.5406,3.5319,3.5667,3.5232,-0.7335,10157665,0.489,6.1266,0.6589
2022-10-21,3.5406,3.5232,3.558,3.5145,-0.2463,8855528,0.4263,6.1115,0.6573
2022-10-24,3.5319,3.4536,3.5493,3.4449,-1.9753,19659013,0.9463,5.9908,0.6443
2022-10-25,3.4536,3.4101,3.4797,3.3753,-1.2594,18634437,0.897,5.9153,0.6362
2022-10-26,3.4362,3.471,3.4884,3.4188,1.7857,20792796,1.0009,6.021,0.6476
2022-10-27,3.471,3.4623,3.4884,3.4536,-0.2506,10592002,0.5099,6.0059,0.6459
2022-10-28,3.4449,3.4362,3.5319,3.4275,-0.7538,21814304,1.0501,5.9606,0.6411
2022-10-31,3.4275,3.5145,3.5406,3.4101,2.2785,22837181,1.0993,6.0964,0.6557
2022-11-01,3.4971,3.5406,3.5406,3.4797,0.7426,20392529,0.9816,6.1417,0.6606
2022-11-02,3.5319,3.5232,3.5493,3.5058,-0.4914,14931560,0.7188,6.1115,0.6573
2022-11-03,3.5145,3.5232,3.5232,3.4971,0.0,11623500,0.5595,6.1115,0.6573
2022-11-04,3.5145,3.5667,3.5754,3.5058,1.2346,17034130,0.82,6.187,0.6654
2022-11-07,3.558,3.5928,3.6102,3.5493,0.7317,15752054,0.7582,6.2322,0.6703
2022-11-08,3.5928,3.5841,3.5928,3.5493,-0.2421,9770787,0.4703,6.2171,0.6687
2022-11-09,3.5841,3.5754,3.6015,3.5493,-0.2427,11628587,0.5598,6.2021,0.667
2022-11-10,3.5754,3.5841,3.6015,3.5319,0.2433,12274105,0.5908,6.2171,0.6687
2022-11-11,3.6102,3.645,3.6885,3.5928,1.699,32493700,1.5641,6.3228,0.68
2022-11-14,3.6711,3.6537,3.7059,3.6363,0.2387,31986179,1.5397,6.3379,0.6817
2022-11-15,3.6537,3.6885,3.7407,3.645,0.9524,33814895,1.6277,6.3982,0.6881
2022-11-16,3.6798,3.6537,3.6885,3.645,-0.9434,20905200,1.0063,6.3379,0.6817
2022-11-17,3.645,3.6537,3.6711,3.6363,0.0,15211043,0.7322,6.3379,0.6817
2022-11-18,3.6624,3.6537,3.6711,3.6363,0.0,15236290,0.7334,6.3379,0.6817
2022-11-21,3.6276,3.645,3.6537,3.6015,-0.2381,13060431,0.6287,6.3228,0.68
2022-11-22,3.645,3.6798,3.7146,3.6363,0.9547,18799162,0.9049,6.3831,0.6865
2022-11-23,3.6885,3.6885,3.7233,3.6711,0.2364,18288088,0.8803,6.3982,0.6881
2022-11-24,3.7059,3.7233,3.732,3.6798,0.9434,23540380,1.1331,6.4586,0.6946
2022-11-25,3.732,3.7755,3.7929,3.6972,1.4019,57489462,2.7673,6.5491,0.7044
2022-11-28,3.732,3.6972,3.732,3.6363,-2.0737,51271757,2.468,6.4133,0.6898
2022-11-29,3.6102,3.7581,3.7929,3.6015,1.6471,85166262,4.0996,6.5189,0.7011
2022-11-30,3.7407,3.7233,3.7842,3.7059,-0.9259,36861960,1.7744,6.4586,0.6946
2022-12-01,3.7668,3.7059,3.7755,3.7059,-0.4673,28346814,1.3645,6.4284,0.6914
2022-12-02,3.6972,3.6711,3.7146,3.645,-0.939,20276400,0.976,6.368,0.6849
2022-12-05,3.6885,3.7581,3.7581,3.6798,2.3697,27305525,1.3144,6.5189,0.7011
2022-12-06,3.7407,3.732,3.7755,3.7146,-0.6944,22407737,1.0786,6.4737,0.6963
2022-12-07,3.732,3.732,3.7668,3.6972,0.0,20732191,0.998,6.4737,0.6963
2022-12-08,3.7233,3.8016,3.8451,3.7146,1.8648,45789103,2.2041,6.5944,0.7092
2022-12-09,3.8277,3.8451,3.8538,3.7668,1.1442,66453779,3.1988,6.6698,0.7174
2022-12-12,3.819,3.7233,3.819,3.7146,-3.1674,38989017,1.8768,6.4586,0.6946
2022-12-13,3.7146,3.7494,3.7755,3.7059,0.7009,21071583,1.0143,6.5039,0.6995
2022-12-14,3.7494,3.7233,3.7581,3.7059,-0.6961,15540066,0.748,6.4586,0.6946
2022-12-15,3.7233,3.6972,3.732,3.6885,-0.7009,14513455,0.6986,6.4133,0.6898
2022-12-16,3.6798,3.7233,3.7233,3.6711,0.7059,16599254,0.799,6.4586,0.6946
2022-12-19,3.7233,3.6276,3.7581,3.5928,-2.5701,21835094,0.9413,6.2926,0.6768
2022-12-20,3.6102,3.5841,3.6537,3.5754,-1.199,15004510,0.6468,6.2171,0.6687
2022-12-21,3.6015,3.6189,3.6537,3.5928,0.9709,13089098,0.5643,6.2775,0.6752
2022-12-22,3.6537,3.5928,3.6798,3.5841,-0.7212,11057770,0.4767,6.2322,0.6703
2022-12-23,3.5841,3.5493,3.6102,3.5319,-1.2107,10592900,0.4567,6.1568,0.6622
2022-12-26,3.5667,3.5406,3.5667,3.5319,-0.2451,13555000,0.5844,6.1417,0.6606
2022-12-27,3.558,3.5841,3.6015,3.5493,1.2285,12514829,0.5395,6.2171,0.6687
2022-12-28,3.5841,3.6363,3.645,3.5493,1.4563,17832333,0.7688,6.3077,0.6784
2022-12-29,3.6276,3.6276,3.645,3.5928,-0.2392,12546942,0.5409,6.2926,0.6768
2022-12-30,3.645,3.6276,3.6624,3.6189,0.0,8243118,0.3554,6.2926,0.6768
2023-01-03,3.6276,3.6537,3.6624,3.5928,0.7194,10797270,0.4655,5.3631,0.6622
2023-01-04,3.6363,3.7146,3.7146,3.6276,1.6667,15489773,0.6678,5.4525,0.6732
2023-01-05,3.7146,3.6885,3.7233,3.6798,-0.7026,10906000,0.4702,5.4142,0.6685
2023-01-06,3.6885,3.6798,3.7059,3.6624,-0.2358,9860740,0.4251,5.4014,0.6669
2023-01-09,3.6711,3.6711,3.7059,3.6624,-0.2364,11207978,0.4832,5.3887,0.6654
2023-01-10,3.6711,3.645,3.6798,3.645,-0.7109,9076944,0.3913,5.3504,0.6606
2023-01-11,3.6537,3.6537,3.6711,3.6276,0.2387,14698829,0.6337,5.3631,0.6622
2023-01-12,3.6363,3.6276,3.645,3.5928,-0.7143,12495383,0.5387,5.3248,0.6575
2023-01-13,3.6363,3.6798,3.6885,3.6189,1.4388,18482823,0.7968,5.4014,0.6669
2023-01-16,3.7146,3.6972,3.7494,3.6798,0.4728,20864036,0.8994,5.427,0.6701
2023-01-17,3.6885,3.7233,3.7407,3.6798,0.7059,22489830,0.9695,5.4653,0.6748
2023-01-18,3.7233,3.7407,3.7929,3.7059,0.4673,17709520,0.7635,5.4908,0.678
2023-01-19,3.732,3.7581,3.7668,3.7059,0.4651,16731445,0.7213,5.5164,0.6811
2023-01-20,3.7755,3.732,3.7755,3.732,-0.6944,13492053,0.5816,5.478,0.6764
2023-01-30,3.7842,3.7233,3.7842,3.7146,-0.2331,19154573,0.8258,5.4653,0.6748
2023-01-31,3.732,3.7146,3.7494,3.7059,-0.2336,15762960,0.6795,5.4525,0.6732
2023-02-01,3.7233,3.7581,3.7581,3.7146,1.171,20384443,0.8788,5.5164,0.6811
2023-02-02,3.7581,3.7407,3.7581,3.7146,-0.463,16825595,0.7254,5.4908,0.678
2023-02-03,3.732,3.7059,3.732,3.6798,-0.9302,18734690,0.8077,5.4397,0.6717
2023-02-06,3.6972,3.6798,3.6972,3.6624,-0.7042,12106777,0.5219,5.4014,0.6669
2023-02-07,3.6798,3.6885,3.7059,3.6711,0.2364,17119914,0.738,5.4142,0.6685
2023-02-08,3.6972,3.6624,3.6972,3.6624,-0.7075,16021348,0.6907,5.3759,0.6638
2023-02-09,3.6624,3.6885,3.6885,3.6537,0.7126,15635048,0.674,5.4142,0.6685
2023-02-10,3.6972,3.7059,3.7146,3.6798,0.4717,15124600,0.652,5.4397,0.6717
2023-02-13,3.7059,3.732,3.7494,3.6972,0.7042,23829628,1.0273,5.478,0.6764
2023-02-14,3.732,3.7233,3.7581,3.7146,-0.2331,17206775,0.7418,5.4653,0.6748
2023-02-15,3.7233,3.7146,3.732,3.6885,-0.2336,16102591,0.6942,5.4525,0.6732
2023-02-16,3.7059,3.6972,3.7494,3.6798,-0.4684,22247425,0.9591,5.427,0.6701
2023-02-17,3.6885,3.6624,3.7146,3.6537,-0.9412,16603435,0.7158,5.3759,0.6638
2023-02-20,3.6798,3.7233,3.7233,3.6624,1.6627,19187028,0.8272,5.4653,0.6748
2023-02-21,3.7233,3.732,3.732,3.7059,0.2336,14090610,0.6074,5.478,0.6764
2023-02-22,3.7233,3.7059,3.732,3.6972,-0.6993,10165816,0.4382,5.4397,0.6717
2023-02-23,3.7146,3.732,3.7407,3.7059,0.7042,14022867,0.6045,5.478,0.6764
2023-02-24,3.7233,3.7059,3.732,3.6972,-0.6993,9742514,0.42,5.4397,0.6717
2023-02-27,3.7059,3.7059,3.732,3.6972,0.0,11042301,0.476,5.4397,0.6717
2023-02-28,3.7059,3.7059,3.7146,3.6885,0.0,9035100,0.3895,5.4397,0.6717
2023-03-01,3.7146,3.7407,3.7407,3.6972,0.939,17965507,0.7745,5.4908,0.678
2023-03-02,3.7494,3.7407,3.7581,3.7233,0.0,13633449,0.5877,5.4908,0.678
2023-03-03,3.7407,3.7755,3.7842,3.732,0.9302,26066118,1.1237,5.5419,0.6843
2023-03-06,3.7842,3.7494,3.7929,3.732,-0.6912,22511276,0.9705,5.5036,0.6796
2023-03-07,3.7494,3.7581,3.8364,3.732,0.232,44664190,1.9255,5.5164,0.6811
2023-03-08,3.7407,3.732,3.7494,3.7059,-0.6944,21479187,0.926,5.478,0.6764
2023-03-09,3.7581,3.732,3.7755,3.7233,0.0,16245879,0.7004,5.478,0.6764
2023-03-10,3.7146,3.6798,3.7233,3.6711,-1.3986,18996181,0.8189,5.4014,0.6669
2023-03-13,3.6624,3.6624,3.6972,3.6537,-0.4728,15855659,0.6835,5.3759,0.6638
2023-03-14,3.645,3.5928,3.6537,3.5754,-1.9002,21194283,0.9137,5.2737,0.6512
2023-03-15,3.6363,3.6624,3.6798,3.6276,1.937,22446516,0.9677,5.3759,0.6638
2023-03-16,3.6537,3.6537,3.7059,3.645,-0.2375,17184858,0.7408,5.3631,0.6622
2023-03-17,3.6711,3.6102,3.6885,3.6102,-1.1905,20073632,0.8654,5.2993,0.6543
2023-03-20,3.6276,3.6189,3.6624,3.6102,0.241,17632149,0.7601,5.312,0.6559
2023-03-21,3.6276,3.6189,3.6363,3.6015,0.0,11673262,0.5032,5.312,0.6559
2023-03-22,3.6276,3.6276,3.6537,3.6189,0.2404,9920514,0.4277,5.3248,0.6575
2023-03-23,3.6189,3.645,3.6537,3.6189,0.4796,8978124,0.387,5.3504,0.6606
2023-03-24,3.6363,3.6276,3.6537,3.6189,-0.4773,10842711,0.4674,5.3248,0.6575
2023-03-27,3.6363,3.6015,3.645,3.6015,-0.7194,9085400,0.3917,5.2865,0.6527
2023-03-28,3.6189,3.5841,3.6189,3.5754,-0.4831,10833730,0.467,5.261,0.6496
2023-03-29,3.5928,3.558,3.6015,3.5493,-0.7282,10811451,0.4661,5.2227,0.6449
2023-03-30,3.5754,3.5493,3.5754,3.5319,-0.2445,9931215,0.4281,5.2099,0.6433
2023-03-31,3.558,3.5406,3.5667,3.5319,-0.2451,10084502,0.4347,5.1971,0.6205
2023-04-03,3.5493,3.5667,3.5754,3.5319,0.7371,14870190,0.6411,5.2354,0.6251
2023-04-04,3.5667,3.558,3.5754,3.5493,-0.2439,13603640,0.5865,5.2227,0.6235
2023-04-06,3.5493,3.5232,3.558,3.5232,-0.978,12819850,0.5527,5.1716,0.6174
2023-04-07,3.5319,3.5319,3.5406,3.5232,0.2469,11023529,0.4752,5.1844,0.619
2023-04-10,3.5319,3.5058,3.5319,3.5058,-0.7389,12213847,0.5265,5.146,0.6144
2023-04-11,3.5145,3.5058,3.5232,3.4884,0.0,12505611,0.5391,5.146,0.6144
2023-04-12,3.5058,3.5058,3.5232,3.4971,0.0,17221298,0.7424,5.146,0.6144
2023-04-13,3.5058,3.5145,3.5319,3.4884,0.2481,18997621,0.819,5.1588,0.6159
2023-04-14,3.5145,3.5493,3.558,3.5145,0.9901,20981587,0.9045,5.2099,0.622
2023-04-17,3.5319,3.5667,3.5754,3.5319,0.4902,19861634,0.8562,5.2354,0.6251
2023-04-18,3.558,3.5928,3.6015,3.558,0.7317,20863784,0.8994,5.2737,0.6296
2023-04-19,3.5928,3.5928,3.6276,3.5667,0.0,18077329,0.7793,5.2737,0.6296
2023-04-20,3.5928,3.6015,3.6102,3.5667,0.2421,16853288,0.7265,5.2865,0.6312
2023-04-21,3.6015,3.5667,3.6276,3.5667,-0.9662,15898445,0.6854,5.2354,0.6251
2023-04-24,3.558,3.5841,3.6102,3.558,0.4878,15373676,0.6628,5.261,0.6281
2023-04-25,3.5754,3.6189,3.645,3.5667,0.9709,24194800,1.043,5.312,0.6342
2023-04-26,3.6189,3.6102,3.6189,3.5493,-0.2404,17330300,0.7471,5.2993,0.6327
2023-04-27,3.6102,3.6363,3.645,3.5928,0.7229,17514329,0.755,5.3376,0.6373
2023-04-28,3.6363,3.645,3.6798,3.6189,0.2392,19093181,0.8231,5.3504,0.6388
2023-05-04,3.6189,3.732,3.7407,3.6189,2.3866,34562079,1.49,5.478,0.654
2023-05-05,3.7494,3.7668,3.7842,3.7059,0.9324,39551323,1.7051,5.5291,0.6601
2023-05-08,3.7581,3.8798,3.9233,3.7407,3.0023,64459025,2.7788,5.6951,0.6799
2023-05-09,3.8972,3.8625,3.9755,3.8277,-0.4484,78447080,3.3818,5.6696,0.6769
2023-05-10,3.8364,3.7668,3.8625,3.7494,-2.4775,39110435,1.686,5.5291,0.6601
2023-05-11,3.7668,3.7755,3.8103,3.7494,0.2309,18769295,0.8091,5.5419,0.6616
2023-05-12,3.7842,3.7581,3.7842,3.7407,-0.4608,16342440,0.7045,5.5164,0.6586
2023-05-15,3.7494,3.7755,3.7755,3.6624,0.463,26735864,1.1526,5.5419,0.6616
2023-05-16,3.7755,3.7407,3.7929,3.7233,-0.9217,17583901,0.758,5.4908,0.6555
2023-05-17,3.7059,3.7233,3.7581,3.7059,-0.4651,11175658,0.4818,5.4653,0.6525
2023-05-18,3.732,3.732,3.7668,3.7146,0.2336,15264000,0.658,5.478,0.654
2023-05-19,3.7233,3.6624,3.732,3.6537,-1.8648,16225092,0.6995,5.3759,0.6418
2023-05-22,3.6711,3.645,3.6711,3.6276,-0.4751,15620986,0.6734,5.3504,0.6388
2023-05-23,3.6363,3.5928,3.6711,3.5928,-1.432,15230758,0.6566,5.2737,0.6296
2023-05-24,3.5928,3.5493,3.6015,3.5493,-1.2107,14535214,0.6266,5.2099,0.622
2023-05-25,3.5493,3.558,3.5754,3.5319,0.2451,18032233,0.7774,5.2227,0.6235
2023-05-26,3.5493,3.5754,3.5841,3.5493,0.489,11354429,0.4895,5.2482,0.6266
2023-05-29,3.5667,3.5406,3.5754,3.5319,-0.9732,15238700,0.6569,5.1971,0.6205
2023-05-30,3.5319,3.5493,3.5493,3.5058,0.2457,12815400,0.5525,5.2099,0.622
2023-05-31,3.5493,3.5406,3.5493,3.5145,-0.2451,10014833,0.4317,5.1971,0.6205
2023-06-01,3.5232,3.5232,3.5493,3.5058,-0.4914,15584847,0.6719,5.1716,0.6174
2023-06-02,3.5232,3.5493,3.5667,3.5232,0.7407,12641948,0.545,5.2099,0.622
2023-06-05,3.558,3.558,3.5754,3.5406,0.2451,10863700,0.4683,5.2227,0.6235
2023-06-06,3.5493,3.5232,3.5754,3.5145,-0.978,14601854,0.6295,5.1716,0.6174
2023-06-07,3.5319,3.558,3.5667,3.5232,0.9877,13964426,0.602,5.2227,0.6235
2023-06-08,3.558,3.6015,3.6015,3.5319,1.2225,15355504,0.662,5.2865,0.6312
2023-06-09,3.5928,3.558,3.6015,3.558,-1.2077,11053260,0.4765,5.2227,0.6235
2023-06-12,3.558,3.5319,3.5667,3.5232,-0.7335,10374473,0.4472,5.1844,0.619
2023-06-13,3.5319,3.5232,3.5493,3.5232,-0.2463,9044679,0.3899,5.1716,0.6174
2023-06-14,3.5232,3.4884,3.5406,3.4884,-0.9877,16134640,0.6956,5.1205,0.6113
2023-06-15,3.4971,3.5058,3.5058,3.4797,0.4988,13704576,0.5908,5.146,0.6144
2023-06-16,3.5058,3.4971,3.5058,3.4884,-0.2481,14326204,0.6176,5.1333,0.6129
2023-06-19,3.4884,3.4449,3.4971,3.4449,-1.4925,23079093,0.9949,5.0567,0.6037
2023-06-20,3.4449,3.4188,3.4536,3.4188,-0.7576,14022468,0.6045,5.0183,0.5991
2023-06-21,3.4101,3.4101,3.4362,3.4014,-0.2545,13060324,0.563,5.0056,0.5976
2023-06-26,3.4101,3.3753,3.4101,3.3753,-1.0204,13087177,0.5642,4.9545,0.5915
2023-06-27,3.3927,3.4188,3.4275,3.3753,1.2887,9654589,0.4162,5.0183,0.5991
2023-06-28,3.4188,3.4101,3.4188,3.384,-0.2545,13670412,0.5893,5.0056,0.5976
2023-06-29,3.4014,3.384,3.4101,3.3753,-0.7653,10613676,0.4576,4.9673,0.593
2023-06-30,3.384,3.4101,3.4188,3.384,0.7712,10013561,0.4317,5.0057,0.5861
2023-07-03,3.4188,3.4449,3.4449,3.4101,1.0204,12022627,0.5183,5.0568,0.592
2023-07-04,3.4449,3.4362,3.4536,3.4188,-0.2525,13638537,0.5879,5.044,0.5905
2023-07-05,3.4275,3.4362,3.4449,3.4188,0.0,7289381,0.3142,5.044,0.5905
2023-07-06,3.4362,3.4188,3.4449,3.4188,-0.5063,8343754,0.3597,5.0185,0.5876
2023-07-07,3.4188,3.4536,3.471,3.4188,1.0178,16732121,0.7213,5.0696,0.5935
2023-07-10,3.4627,3.4262,3.4627,3.417,-0.7937,20108779,0.8668,4.7886,0.5606
2023-07-11,3.4262,3.4536,3.4536,3.4262,0.8,9345534,0.4029,4.8269,0.5651
2023-07-12,3.4536,3.4627,3.4993,3.4445,0.2646,13667296,0.5892,4.8397,0.5666
2023-07-13,3.4719,3.4993,3.5084,3.4627,1.0554,12500521,0.5389,4.8908,0.5726
2023-07-14,3.4993,3.4993,3.5175,3.481,0.0,10927357,0.4711,4.8908,0.5726
2023-07-17,3.4901,3.5175,3.5175,3.481,0.5222,12492269,0.5385,4.9163,0.5756
2023-07-18,3.5175,3.5175,3.5267,3.4901,0.0,9084900,0.3916,4.9163,0.5756
2023-07-19,3.5175,3.545,3.5541,3.5175,0.7792,12901156,0.5561,4.9546,0.5801
2023-07-20,3.5541,3.545,3.5632,3.5358,0.0,11228852,0.4841,4.9546,0.5801
2023-07-21,3.5358,3.5632,3.5724,3.5267,0.5155,10228397,0.4409,4.9802,0.5831
2023-07-24,3.5541,3.5724,3.5815,3.545,0.2564,8108615,0.3495,4.9929,0.5846
2023-07-25,3.5815,3.5998,3.6089,3.5724,0.7673,17176237,0.7404,5.0312,0.5891
2023-07-26,3.5998,3.5998,3.618,3.5815,0.0,11122053,0.4794,5.0312,0.5891
2023-07-27,3.5998,3.6272,3.6455,3.5906,0.7614,18716712,0.8068,5.0696,0.5935
2023-07-28,3.6089,3.7277,3.7368,3.5998,2.7708,41403576,1.7848,5.21,0.61
2023-07-31,3.7277,3.7734,3.7825,3.7277,1.2255,38195886,1.6465,5.2739,0.6175
2023-08-01,3.746,3.7916,3.7916,3.7368,0.4843,29329136,1.2643,5.2994,0.6204
2023-08-02,3.7642,3.7551,3.7916,3.7368,-0.9639,24413152,1.0524,5.2483,0.6145
2023-08-03,3.746,3.7825,3.8008,3.7277,0.7299,26087111,1.1246,5.2866,0.619
2023-08-04,3.8008,3.819,3.8739,3.7825,0.9662,37914713,1.6344,5.3377,0.6249
2023-08-07,3.7916,3.7825,3.8008,3.7551,-0.9569,21628024,0.9323,5.2866,0.619
2023-08-08,3.7916,3.7642,3.7916,3.7368,-0.4831,17839168,0.769,5.2611,0.616
2023-08-09,3.7551,3.7916,3.8008,3.7368,0.7282,21751152,0.9376,5.2994,0.6204
2023-08-10,3.7916,3.7825,3.8008,3.7642,-0.241,10492628,0.4523,5.2866,0.619
2023-08-11,3.7916,3.7368,3.7916,3.7277,-1.2077,15694545,0.6766,5.2228,0.6115
2023-08-14,3.7094,3.7094,3.7368,3.6911,-0.7335,13626100,0.5874,5.1845,0.607
2023-08-15,3.7094,3.746,3.746,3.6911,0.9852,11055358,0.4766,5.2356,0.613
2023-08-16,3.7368,3.746,3.7642,3.7094,0.0,8753391,0.3773,5.2356,0.613
2023-08-17,3.746,3.7277,3.7734,3.7094,-0.4878,15346776,0.6616,5.21,0.61
2023-08-18,3.7277,3.746,3.7734,3.7185,0.4902,11500210,0.4957,5.2356,0.613
2023-08-21,3.746,3.7277,3.7642,3.7094,-0.4878,12281619,0.5294,5.21,0.61
2023-08-22,3.7185,3.7185,3.746,3.6911,-0.2451,12862332,0.5545,5.1973,0.6085
2023-08-23,3.7185,3.7277,3.7551,3.7003,0.2457,11641179,0.5018,5.21,0.61
2023-08-24,3.7185,3.682,3.746,3.6637,-1.2255,14379253,0.6199,5.1462,0.6025
2023-08-25,3.6729,3.7003,3.7551,3.6637,0.4963,13079382,0.5638,5.1717,0.6055
2023-08-28,3.883,3.7916,3.9195,3.7734,2.4691,42100022,1.8148,5.2994,0.6204
2023-08-29,3.7916,3.6911,3.8008,3.6637,-2.6506,32505200,1.4012,5.1589,0.604
2023-08-30,3.7094,3.5998,3.7094,3.5906,-2.4752,23540000,1.0148,5.0312,0.5891
2023-08-31,3.5906,3.5815,3.6272,3.5632,-0.5076,16389920,0.7065,5.0057,0.5861
2023-09-01,3.5906,3.618,3.6455,3.5724,1.0204,14107944,0.6082,5.0568,0.592
2023-09-04,3.6363,3.7734,3.7825,3.6089,4.2929,38017699,1.6389,5.2739,0.6175
2023-09-05,3.7825,3.7825,3.8008,3.7185,0.2421,27173163,1.1714,5.2866,0.619
2023-09-06,3.7825,3.8099,3.8373,3.7642,0.7246,19774807,0.8524,5.3249,0.6234
2023-09-07,3.8099,3.8008,3.8373,3.7916,-0.2398,15109355,0.6513,5.3122,0.6219
2023-09-08,3.7825,3.7825,3.819,3.7642,-0.4808,11231070,0.4841,5.2866,0.619
2023-09-11,3.7916,3.7916,3.8282,3.7734,0.2415,18077083,0.7793,5.2994,0.6204
2023-09-12,3.7825,3.7734,3.8008,3.7642,-0.4819,15007635,0.6469,5.2739,0.6175
2023-09-13,3.7916,3.7734,3.7916,3.7551,0.0,14433680,0.6222,5.2739,0.6175
2023-09-14,3.8008,3.8099,3.8282,3.7825,0.9685,18098131,0.7802,5.3249,0.6234
2023-09-15,3.8373,3.819,3.8465,3.8008,0.2398,16618300,0.7164,5.3377,0.6249
2023-09-18,3.8099,3.8099,3.8282,3.7734,-0.2392,14055097,0.6059,5.3249,0.6234
2023-09-19,3.8099,3.8373,3.8556,3.8008,0.7194,18658608,0.8043,5.3633,0.6279
2023-09-20,3.8373,3.883,3.9013,3.8282,1.1905,26237996,1.1311,5.4271,0.6354
2023-09-21,3.883,3.8739,3.8921,3.8465,-0.2353,14236665,0.6137,5.4143,0.6339
2023-09-22,3.8739,3.8647,3.9013,3.819,-0.2358,17039180,0.7345,5.4016,0.6324
2023-09-25,3.8465,3.883,3.9013,3.8373,0.4728,19383571,0.8356,5.4271,0.6354
2023-09-26,3.8739,3.8739,3.9195,3.8556,-0.2353,17035969,0.7344,5.4143,0.6339
2023-09-27,3.8921,3.8556,3.9104,3.8373,-0.4717,15170381,0.654,5.3888,0.6309
2023-09-28,3.8556,3.8465,3.8739,3.8373,-0.237,13238176,0.5707,5.376,0.6294
2023-10-09,3.8556,3.8465,3.8556,3.7916,0.0,13172755,0.5678,5.3761,0.6179
2023-10-10,3.8556,3.8282,3.8647,3.819,-0.4751,9308900,0.4013,5.3505,0.615
2023-10-11,3.8373,3.7916,3.8556,3.7734,-0.9547,13068155,0.5633,5.2994,0.6091
2023-10-12,3.8373,3.8282,3.8647,3.819,0.9639,13392582,0.5773,5.3505,0.615
2023-10-13,3.8099,3.819,3.8465,3.7642,-0.2387,10679400,0.4604,5.3377,0.6135
2023-10-16,3.819,3.8282,3.8373,3.7825,0.2392,10856901,0.468,5.3505,0.615
2023-10-17,3.8282,3.8465,3.8465,3.819,0.4773,10542376,0.4545,5.3761,0.6179
2023-10-18,3.8282,3.7916,3.8556,3.7916,-1.4252,8392869,0.3618,5.2994,0.6091
2023-10-19,3.7916,3.7642,3.8008,3.746,-0.7229,15363199,0.6623,5.2611,0.6047
2023-10-20,3.7551,3.7551,3.7916,3.7277,-0.2427,12375582,0.5335,5.2484,0.6032
2023-10-23,3.7368,3.682,3.7642,3.6729,-1.9465,12215487,0.5266,5.1462,0.5915
2023-10-24,3.7277,3.7094,3.7368,3.6729,0.7444,12772900,0.5506,5.1845,0.5959
2023-10-25,3.7368,3.7277,3.7642,3.7094,0.4926,8654408,0.3731,5.21,0.5988
2023-10-26,3.7185,3.746,3.7734,3.7003,0.4902,8413654,0.3627,5.2356,0.6018
2023-10-27,3.7277,3.7277,3.7642,3.7003,-0.4878,11818610,0.5095,5.21,0.5988
2023-10-30,3.7368,3.682,3.7368,3.6637,-1.2255,18113986,0.7808,5.1462,0.5915
2023-10-31,3.6729,3.682,3.7003,3.6546,0.0,12920454,0.557,5.1462,0.5915
2023-11-01,3.6911,3.6911,3.7094,3.6546,0.2481,11127418,0.4797,5.159,0.5929
2023-11-02,3.6911,3.682,3.7277,3.682,-0.2475,9648052,0.4159,5.1462,0.5915
2023-11-03,3.682,3.6637,3.7003,3.6637,-0.4963,12248882,0.528,5.1207,0.5885
2023-11-06,3.6729,3.6729,3.7003,3.6455,0.2494,19331056,0.8333,5.1334,0.59
2023-11-07,3.6637,3.618,3.6729,3.6089,-1.4925,20658790,0.8905,5.0568,0.5812
2023-11-08,3.6089,3.5998,3.618,3.5906,-0.5051,14005655,0.6037,5.0313,0.5783
2023-11-09,3.5998,3.5998,3.618,3.5906,0.0,11275176,0.486,5.0313,0.5783
2023-11-10,3.5906,3.5541,3.5998,3.545,-1.269,14985824,0.646,4.9674,0.5709
2023-11-13,3.545,3.5632,3.5724,3.545,0.2571,17248756,0.7435,4.9802,0.5724
2023-11-14,3.5632,3.5724,3.5815,3.5541,0.2564,12504300,0.539,4.993,0.5739
2023-11-15,3.5815,3.5632,3.5906,3.5632,-0.2558,12266090,0.5288,4.9802,0.5724
2023-11-16,3.5632,3.5632,3.5815,3.5541,0.0,10511400,0.4531,4.9802,0.5724
2023-11-17,3.5632,3.5267,3.5724,3.5175,-1.0256,17223858,0.7425,4.9291,0.5665
2023-11-20,3.5267,3.5267,3.545,3.4993,0.0,14449300,0.6229,4.9291,0.5665
2023-11-21,3.5267,3.5541,3.5815,3.5175,0.7772,16212200,0.6989,4.9674,0.5709
2023-11-22,3.545,3.545,3.5724,3.5358,-0.2571,10721072,0.4622,4.9547,0.5695
2023-11-23,3.5358,3.5541,3.5632,3.5267,0.2577,11163101,0.4812,4.9674,0.5709
2023-11-24,3.5541,3.5724,3.5906,3.545,0.5141,13246664,0.571,4.993,0.5739
2023-11-27,3.5815,3.545,3.5815,3.5175,-0.7673,13100922,0.5647,4.9547,0.5695
2023-11-28,3.545,3.5267,3.545,3.5175,-0.5155,10821075,0.4665,4.9291,0.5665
2023-11-29,3.5267,3.4901,3.5358,3.4901,-1.0363,10502800,0.4527,4.878,0.5607
2023-11-30,3.4901,3.5084,3.5267,3.481,0.5236,10107864,0.4131,5.0397,0.5792
2023-12-01,3.5175,3.5267,3.5632,3.5084,0.5208,15853363,0.6479,5.0659,0.5823
2023-12-04,3.5267,3.5267,3.545,3.5084,0.0,8625573,0.3525,5.0659,0.5823
2023-12-05,3.5175,3.481,3.5267,3.481,-1.2953,11751162,0.4802,5.0003,0.5747
2023-12-06,3.481,3.4993,3.5175,3.4445,0.5249,13043563,0.5331,5.0266,0.5777
2023-12-07,3.4901,3.5358,3.545,3.481,1.0444,21140629,0.864,5.0791,0.5838
2023-12-08,3.5175,3.5815,3.5998,3.5175,1.292,33536816,1.3706,5.1447,0.5913
2023-12-11,3.5724,3.6272,3.6272,3.5175,1.2755,26174141,1.0697,5.2103,0.5988
2023-12-12,3.6089,3.618,3.6272,3.5998,-0.2519,10947461,0.4474,5.1972,0.5973
2023-12-13,3.618,3.5815,3.6272,3.5724,-1.0101,8514516,0.348,5.1447,0.5913
2023-12-14,3.5815,3.5815,3.5998,3.5632,0.0,9396704,0.384,5.1447,0.5913
2023-12-15,3.5906,3.5724,3.618,3.5632,-0.2551,11056356,0.4518,5.1316,0.5898
2023-12-18,3.5815,3.5724,3.5998,3.5541,0.0,9364740,0.3827,5.1316,0.5898
2023-12-19,3.5724,3.5815,3.5815,3.545,0.2558,10697432,0.4372,5.1447,0.5913
2023-12-20,3.5815,3.618,3.6363,3.5724,1.0204,26642267,1.0888,5.1972,0.5973
2023-12-21,3.6363,3.5906,3.6363,3.5724,-0.7576,24179999,0.9882,5.1578,0.5928
2023-12-22,3.5724,3.5724,3.6089,3.545,-0.5089,17398939,0.711,5.1316,0.5898
2023-12-25,3.5632,3.4901,3.5724,3.4719,-2.3018,17283000,0.7063,5.0134,0.5762
2023-12-26,3.4901,3.4719,3.5084,3.4627,-0.5236,11237722,0.4593,4.9872,0.5732
2023-12-27,3.4719,3.5084,3.5175,3.4353,1.0526,11164111,0.4562,5.0397,0.5792
2023-12-28,3.4993,3.545,3.5541,3.4993,1.0417,11187956,0.4572,5.0922,0.5853
2023-12-29,3.5541,3.5724,3.5815,3.5267,0.7732,11585311,0.4735,5.1316,0.5898
2024-01-02,3.5541,3.5267,3.5632,3.5267,-1.2788,11647300,0.476,4.2925,0.5446
2024-01-03,3.5267,3.5541,3.5632,3.5175,0.7772,12217193,0.4993,4.3259,0.5488
2024-01-04,3.5541,3.5815,3.5815,3.545,0.7712,12956073,0.5295,4.3592,0.5531
2024-01-05,3.5815,3.6089,3.6546,3.5724,0.7653,23745345,0.9704,4.3926,0.5573
2024-01-08,3.5906,3.545,3.5998,3.5358,-1.7722,14948676,0.6109,4.3147,0.5474
2024-01-09,3.545,3.5998,3.6089,3.4901,1.5464,13540863,0.5534,4.3815,0.5559
2024-01-10,3.5815,3.5632,3.5998,3.5541,-1.0152,8680700,0.3548,4.337,0.5502
2024-01-11,3.545,3.5815,3.6089,3.5358,0.5128,10758982,0.4397,4.3592,0.5531
2024-01-12,3.5724,3.6089,3.6363,3.5724,0.7653,11838220,0.4838,4.3926,0.5573
2024-01-15,3.5998,3.6455,3.6546,3.5906,1.0127,14861282,0.6073,4.4371,0.5629
2024-01-16,3.6455,3.6637,3.6911,3.6272,0.5013,20160467,0.8239,4.4593,0.5658
2024-01-17,3.6729,3.6089,3.682,3.6089,-1.4963,17618402,0.72,4.3926,0.5573
2024-01-18,3.5998,3.5815,3.618,3.4901,-0.7595,22713514,0.9282,4.3592,0.5531
2024-01-19,3.5632,3.5541,3.5906,3.5358,-0.7653,15001337,0.6131,4.3259,0.5488
2024-01-22,3.6089,3.618,3.7003,3.5815,1.7995,55391858,2.2637,4.4037,0.5587
2024-01-23,3.5906,3.5998,3.6455,3.545,-0.5051,37279890,1.5235,4.3815,0.5559
2024-01-24,3.618,3.6637,3.6637,3.5175,1.7766,40746679,1.6652,4.4593,0.5658
2024-01-25,3.6363,3.7277,3.746,3.6272,1.7456,42158822,1.7229,4.5372,0.5756
2024-01-26,3.8282,4.1023,4.1023,3.8008,10.049,147339684,6.0214,4.9931,0.6335
2024-01-29,4.1114,3.9287,4.1571,3.8739,-4.2316,244572033,9.995,4.7818,0.6067
2024-01-30,3.8739,3.819,3.9013,3.7551,-2.7907,106652480,4.3586,4.6484,0.5897
2024-01-31,3.819,3.8282,3.9378,3.8008,0.2392,94627577,3.6766,4.785,0.6071
2024-02-01,3.7734,3.7916,3.8739,3.7642,-0.9547,69138728,2.6863,4.7393,0.6013
2024-02-02,3.7825,3.7277,3.8465,3.6546,-1.6867,72629974,2.8219,4.6594,0.5911
2024-02-05,3.7003,3.746,3.7825,3.618,0.4902,77523371,3.0121,4.6822,0.594
2024-02-06,3.7003,3.8373,3.8647,3.682,2.439,70746497,2.7487,4.7964,0.6085
2024-02-07,3.8373,3.9195,3.9195,3.8099,2.1429,84294588,3.2751,4.8992,0.6216
2024-02-08,3.9013,3.883,4.0475,3.8647,-0.9324,87521101,3.4005,4.8535,0.6158
2024-02-19,3.8921,3.8647,3.8921,3.8008,-0.4706,59470220,2.3106,4.8307,0.6129
2024-02-20,3.8373,3.9013,3.9195,3.8282,0.9456,50180035,1.9497,4.8764,0.6187
2024-02-21,3.8921,4.1023,4.2941,3.883,5.1522,130256732,5.0609,5.1276,0.6505
2024-02-22,4.0566,4.0657,4.084,3.9926,-0.8909,62742756,2.4378,5.0819,0.6447
2024-02-23,4.0475,4.0383,4.1388,4.0109,-0.6742,62298279,2.4205,5.0477,0.6404
2024-02-26,4.0383,3.9561,4.0475,3.9378,-2.0362,61404540,2.3858,4.9449,0.6274
2024-02-27,3.947,3.9744,3.9926,3.9104,0.4619,49404450,1.9195,4.9677,0.6303
2024-02-28,3.9652,3.9378,4.0018,3.9287,-0.9195,58732758,2.282,4.922,0.6245
2024-02-29,3.9195,3.9652,3.9744,3.9195,0.6961,45192930,1.7559,4.9563,0.6288
2024-03-01,3.9561,3.9561,3.9652,3.9287,-0.2304,34601407,1.3444,4.9449,0.6274
2024-03-04,3.947,3.8921,3.9561,3.883,-1.6166,38078141,1.4795,4.8649,0.6172
2024-03-05,3.8921,4.02,4.0292,3.883,3.2864,59322988,2.3049,5.0248,0.6375
2024-03-06,4.02,3.9744,4.0292,3.947,-1.1364,42426593,1.6484,4.9677,0.6303
2024-03-07,3.9652,3.947,4.0018,3.9287,-0.6897,33433223,1.299,4.9335,0.6259
2024-03-08,3.9378,3.9652,3.9835,3.9287,0.463,23556295,0.9152,4.9563,0.6288
2024-03-11,3.9561,3.9652,3.9835,3.9195,0.0,26043461,1.0119,4.9563,0.6288
2024-03-12,3.947,3.9104,3.9561,3.9013,-1.3825,29290924,1.1381,4.8878,0.6201
2024-03-13,3.9104,3.8739,3.9287,3.8465,-0.9346,32812534,1.2749,4.8421,0.6143
2024-03-14,3.8647,3.8739,3.9104,3.8556,0.0,22237578,0.864,4.8421,0.6143
2024-03-15,3.8921,3.9195,3.9195,3.883,1.1792,22105053,0.8589,4.8992,0.6216
2024-03-18,3.9195,3.9287,3.9378,3.8739,0.2331,25782708,1.0017,4.9106,0.623
2024-03-19,3.9104,3.883,3.9195,3.8739,-1.1628,18120852,0.7041,4.8535,0.6158
2024-03-20,3.8921,3.9195,3.947,3.8556,0.9412,26392561,1.0254,4.8992,0.6216
2024-03-21,3.9195,3.9287,3.947,3.9013,0.2331,22758911,0.8843,4.9106,0.623
2024-03-22,3.9287,3.883,3.9378,3.8739,-1.1628,20834727,0.8095,4.8535,0.6158
2024-03-25,3.883,3.9013,3.9287,3.8647,0.4706,20792970,0.8079,4.8764,0.6187
2024-03-26,3.9104,3.9378,3.947,3.8921,0.9368,26524263,1.0306,4.922,0.6245
2024-03-27,3.9378,3.9561,4.0109,3.9378,0.464,40331825,1.567,4.9449,0.6274
2024-03-28,3.9561,3.9195,3.9744,3.9013,-0.9238,33843464,1.3149,4.8992,0.6216
2024-03-29,3.9013,3.9195,3.9378,3.8921,0.0,20738907,0.8058,4.8992,0.6216
2024-04-01,3.9104,4.0566,4.0657,3.9013,3.4965,46161487,1.7935,5.0705,0.6058
2024-04-02,4.0475,4.0475,4.1114,4.02,-0.2252,26417099,1.0264,5.0591,0.6044
2024-04-03,4.0566,4.0657,4.0749,4.02,0.4515,20705451,0.8045,5.0819,0.6071
2024-04-08,4.0475,4.0749,4.1388,4.0383,0.2247,27291571,1.0604,5.0933,0.6085
2024-04-09,4.0657,4.0657,4.1206,4.0566,-0.2242,27140045,1.0545,5.0819,0.6071
2024-04-10,4.0566,4.0475,4.1023,4.0292,-0.4494,22229171,0.8637,5.0591,0.6044
2024-04-11,4.0475,4.0657,4.1023,4.0018,0.4515,19228500,0.7471,5.0819,0.6071
2024-04-12,4.0383,4.0383,4.084,4.0383,-0.6742,18930685,0.7355,5.0477,0.603
2024-04-15,4.0566,4.1571,4.1845,4.0475,2.9412,39333661,1.5282,5.1961,0.6208
2024-04-16,4.1388,4.1023,4.1845,4.0931,-1.3187,37159330,1.4438,5.1276,0.6126
2024-04-17,4.1023,4.1936,4.1936,4.0383,2.2272,39975516,1.5532,5.2418,0.6262
2024-04-18,4.1571,4.2485,4.3216,4.1571,1.3072,48764206,1.8947,5.3103,0.6344
2024-04-19,4.2211,4.2302,4.3124,4.2028,-0.4301,32429702,1.26,5.2875,0.6317
2024-04-22,4.2302,4.1754,4.3033,4.1571,-1.2959,29624710,1.151,5.219,0.6235
2024-04-23,4.1845,4.1754,4.2119,4.148,0.0,24234780,0.9416,5.219,0.6235
2024-04-24,4.1571,4.1114,4.1754,4.0749,-1.5317,27226832,1.0579,5.139,0.614
2024-04-25,4.1114,4.2302,4.2302,4.1023,2.8889,30270776,1.1761,5.2875,0.6317
2024-04-26,4.2119,4.148,4.2302,4.0657,-1.9438,46563052,1.8091,5.1847,0.6194
2024-04-29,4.1845,4.3672,4.4403,4.1662,5.2863,80901206,3.1433,5.4588,0.6522
2024-04-30,4.349,4.3581,4.4038,4.2759,-0.2092,42620819,1.656,5.4474,0.6508
2024-05-06,4.3855,4.3124,4.4129,4.285,-1.0482,45449454,1.7659,5.3903,0.644
2024-05-07,4.3124,4.3764,4.4038,4.3124,1.4831,36545543,1.4199,5.4702,0.6535
2024-05-08,4.3764,4.3398,4.4312,4.3398,-0.8351,22005722,0.855,5.4245,0.6481
2024-05-09,4.3398,4.3672,4.4038,4.3307,0.6316,17565032,0.6825,5.4588,0.6522
2024-05-10,4.3855,4.4038,4.4221,4.349,0.8368,26558915,1.0319,5.5045,0.6576
2024-05-13,4.4038,4.6413,4.687,4.3672,5.3942,61254637,2.38,5.8014,0.6931
2024-05-14,4.6231,4.5865,4.7692,4.5682,-1.1811,42221250,1.6404,5.7329,0.6849
2024-05-15,4.5956,4.5956,4.6505,4.5226,0.1992,32150281,1.2491,5.7443,0.6863
2024-05-16,4.5956,4.6779,4.7327,4.5682,1.7893,38505911,1.4961,5.8471,0.6985
2024-05-17,4.687,4.7692,4.7875,4.6505,1.9531,36064546,1.4012,5.9613,0.7122
2024-05-20,4.7692,4.7144,4.8241,4.6687,-1.1494,35522076,1.3802,5.8927,0.704
2024-05-21,4.6961,4.7418,4.7692,4.687,0.5814,26344286,1.0236,5.927,0.7081
2024-05-22,4.7418,4.7418,4.7692,4.7053,0.0,30060564,1.168,5.927,0.7081
2024-05-23,4.7236,4.6961,4.7875,4.6687,-0.9634,27792058,1.0798,5.8699,0.7013
2024-05-24,4.6779,4.7053,4.751,4.6687,0.1946,22565820,0.8768,5.8813,0.7026
2024-05-27,4.6961,4.751,4.7692,4.687,0.9709,23134291,0.8988,5.9384,0.7095
2024-05-28,4.7601,4.7053,4.7875,4.687,-0.9615,17952858,0.6975,5.8813,0.7026
2024-05-29,4.7053,4.6322,4.7236,4.6048,-1.5534,24235815,0.9416,5.79,0.6917
2024-05-30,4.6322,4.5774,4.6505,4.5591,-1.1834,19463056,0.7562,5.7214,0.6835
2024-05-31,4.5591,4.5682,4.6048,4.55,-0.1996,14370500,0.5583,5.71,0.6822
2024-06-03,4.55,4.5408,4.5865,4.4677,-0.6,29565795,1.1487,5.6758,0.6781
2024-06-04,4.5408,4.6048,4.6413,4.5043,1.4085,22177798,0.8617,5.7557,0.6876
2024-06-05,4.5591,4.4586,4.5956,4.4312,-3.1746,33682961,1.3087,5.573,0.6658
2024-06-06,4.4677,4.4403,4.5043,4.3855,-0.4098,22357476,0.8687,5.5501,0.6631
2024-06-07,4.4403,4.5226,4.55,4.4129,1.8519,21899802,0.8509,5.6529,0.6754
2024-06-11,4.5134,4.4312,4.55,4.3946,-2.0202,21450019,0.8334,5.5387,0.6617
2024-06-12,4.4038,4.3946,4.4495,4.3216,-0.8247,20965462,0.8146,5.493,0.6563
2024-06-13,4.3946,4.2759,4.4038,4.2576,-2.7027,20204282,0.785,5.3446,0.6385
2024-06-14,4.2941,4.3581,4.3855,4.2576,1.9231,28884904,1.1223,5.4474,0.6508
2024-06-17,4.349,4.285,4.3764,4.2759,-1.6771,21999966,0.8548,5.356,0.6399
2024-06-18,4.3124,4.3581,4.3764,4.2576,1.7058,20410302,0.4221,5.4474,0.6508
2024-06-19,4.3672,4.4495,4.4586,4.3307,2.0964,21134034,0.4371,5.5616,0.6644
2024-06-20,4.4129,4.2941,4.4769,4.2667,-3.4908,33939761,0.702,5.3674,0.6412
2024-06-21,4.3124,4.3398,4.3764,4.2941,1.0638,19144621,0.396,5.4245,0.6481
2024-06-24,4.3764,4.285,4.3764,4.2576,-1.2632,21338307,0.4413,5.356,0.6399
2024-06-25,4.285,4.3672,4.4038,4.2759,1.919,20594221,0.4259,5.4588,0.6522
2024-06-26,4.349,4.3672,4.3855,4.3216,0.0,13723983,0.2838,5.4588,0.6522
2024-06-27,4.349,4.3855,4.4586,4.3124,0.4184,25933207,0.5364,5.4816,0.6549
2024-06-28,4.4038,4.486,4.5134,4.3581,2.2917,30873803,0.6386,5.6073,0.6699
2024-07-01,4.486,4.6413,4.6505,4.486,3.4623,27311340,0.5649,5.8014,0.6849
2024-07-02,4.6413,4.6961,4.7144,4.6139,1.1811,25661092,0.5307,5.8699,0.693
2024-07-03,4.7053,4.6961,4.7967,4.6687,0.0,31275875,0.6469,5.8699,0.693
2024-07-04,4.6779,4.5956,4.7236,4.5774,-2.1401,23957847,0.4955,5.7443,0.6782
2024-07-05,4.6243,4.4619,4.7294,4.4237,-2.9106,35001094,0.7239,5.3332,0.6296
2024-07-08,4.4619,4.4523,4.5097,4.395,-0.2141,22890090,0.4734,5.3218,0.6283
2024-07-09,4.4523,4.5574,4.5861,4.4428,2.3605,25725304,0.5321,5.4474,0.6431
2024-07-10,4.5288,4.481,4.5956,4.4714,-1.6771,15185692,0.3141,5.356,0.6323
2024-07-11,4.5192,4.3377,4.5383,4.2995,-3.1983,43868879,0.9073,5.1847,0.6121
2024-07-12,4.309,4.4141,4.4428,4.2995,1.7621,33252276,0.6877,5.2761,0.6229
2024-07-15,4.4237,4.4523,4.4905,4.395,0.8658,17594000,0.3639,5.3218,0.6283
2024-07-16,4.4428,4.3855,4.4714,4.3472,-1.5021,21359316,0.4418,5.2418,0.6188
2024-07-17,4.3759,4.3855,4.395,4.3377,0.0,13520900,0.2796,5.2418,0.6188
2024-07-18,4.3855,4.4141,4.4141,4.3186,0.6536,16063985,0.3322,5.2761,0.6229
2024-07-19,4.4046,4.3663,4.4141,4.3186,-1.0823,18279600,0.3781,5.219,0.6161
2024-07-22,4.3472,4.2804,4.3568,4.2421,-1.9694,19530347,0.4039,5.1162,0.604
2024-07-23,4.3568,4.4523,4.5383,4.3377,4.0179,45669713,0.9446,5.3218,0.6283
2024-07-24,4.4237,4.5192,4.6052,4.395,1.5021,42219253,0.8732,5.4017,0.6377
2024-07-25,4.5288,4.3663,4.5574,4.3281,-3.3827,36038139,0.7454,5.219,0.6161
2024-07-26,4.3759,4.2995,4.4046,4.2804,-1.5317,34540661,0.7144,5.139,0.6067
2024-07-29,4.309,4.4714,4.4905,4.2708,4.0,31093631,0.6431,5.3446,0.631
2024-07-30,4.4523,4.4619,4.567,4.3568,-0.2137,31835259,0.6584,5.3332,0.6296
2024-07-31,4.4237,4.481,4.4905,4.4141,0.4283,21751642,0.4499,5.356,0.6323
2024-08-01,4.481,4.3855,4.481,4.3759,-2.1322,37183179,0.769,5.2418,0.6188
2024-08-02,4.3568,4.4237,4.4523,4.3281,0.8715,32262287,0.6673,5.2875,0.6242
2024-08-05,4.395,4.3377,4.4523,4.3281,-1.9438,27185069,0.5623,5.1847,0.6121
2024-08-06,4.3472,4.3568,4.395,4.2995,0.4405,20386035,0.4216,5.2076,0.6148
2024-08-07,4.3472,4.3377,4.3855,4.3281,-0.4386,13792435,0.2853,5.1847,0.6121
2024-08-08,4.3281,4.3472,4.3663,4.309,0.2203,11966400,0.2475,5.1961,0.6134
2024-08-09,4.3663,4.3568,4.4046,4.3281,0.2198,18896400,0.3908,5.2076,0.6148
2024-08-12,4.3663,4.3855,4.395,4.3568,0.6579,19355056,0.4003,5.2418,0.6188
2024-08-13,4.3759,4.3568,4.4046,4.3377,-0.6536,18761800,0.388,5.2076,0.6148
2024-08-14,4.3663,4.3568,4.395,4.3377,0.0,19055500,0.3941,5.2076,0.6148
2024-08-15,4.3759,4.3759,4.4046,4.3472,0.4386,33623167,0.6954,5.2304,0.6175
2024-08-16,4.3663,4.4332,4.4332,4.3568,1.31,34838715,0.7206,5.2989,0.6256
2024-08-19,4.4332,4.5574,4.567,4.4237,2.8017,41680839,0.8621,5.4474,0.6431
2024-08-20,4.567,4.5097,4.5765,4.4905,-1.0482,32532633,0.6729,5.3903,0.6364
2024-08-21,4.5001,4.4332,4.5097,4.395,-1.6949,23513980,0.4863,5.2989,0.6256
2024-08-22,4.4332,4.4523,4.4905,4.4141,0.431,23307367,0.4821,5.3218,0.6283
2024-08-23,4.4714,4.4619,4.4905,4.4141,0.2146,24970426,0.5165,5.3332,0.6296
2024-08-26,4.481,4.5479,4.5574,4.3568,1.9272,41128840,0.8507,5.436,0.6418
2024-08-27,4.5192,4.5383,4.653,4.4905,-0.2101,33186024,0.6864,5.4245,0.6404
2024-08-28,4.5288,4.5097,4.5861,4.4905,-0.6316,20736099,0.4289,5.3903,0.6364
2024-08-29,4.5001,4.4237,4.5097,4.3568,-1.9068,39651237,0.8201,5.2875,0.6242
2024-08-30,4.4046,4.309,4.4428,4.309,-2.5918,38690300,0.8002,5.1505,0.608
2024-09-02,4.309,4.4237,4.481,4.2612,2.6608,46232531,0.9562,5.2875,0.6242
2024-09-03,4.4046,4.3568,4.481,4.3281,-1.5119,31577110,0.6531,5.2076,0.6148
2024-09-04,4.3377,4.3281,4.3759,4.309,-0.6579,17574300,0.3635,5.1733,0.6107
2024-09-05,4.3281,4.2612,4.3377,4.223,-1.5453,27267733,0.564,5.0934,0.6013
2024-09-06,4.2899,4.1944,4.2899,4.1848,-1.5695,23384800,0.4837,5.0134,0.5919
2024-09-09,4.1561,4.0606,4.1753,4.0128,-3.1891,30182639,0.6243,4.8535,0.573
2024-09-10,4.051,4.0988,4.1084,4.0128,0.9412,28284214,0.585,4.8992,0.5784
2024-09-11,4.0893,3.9555,4.0893,3.946,-3.4965,22510482,0.4656,4.7279,0.5582
2024-09-12,3.946,4.0128,4.0415,3.9364,1.4493,24121774,0.4989,4.7964,0.5663
2024-09-13,3.9937,3.9555,4.0224,3.946,-1.4286,16364667,0.3385,4.7279,0.5582
2024-09-18,3.9651,4.0033,4.0224,3.8886,1.2077,18788466,0.3886,4.785,0.5649
2024-09-19,4.0128,4.0797,4.0893,3.9651,1.9093,21018000,0.4347,4.8764,0.5757
2024-09-20,4.0702,4.1084,4.1466,4.0606,0.7026,16148200,0.334,4.9106,0.5797
2024-09-23,4.1179,4.1944,4.2039,4.0988,2.093,21806719,0.451,5.0134,0.5919
2024-09-24,4.223,4.3855,4.395,4.2135,4.5558,27119485,0.5609,5.2418,0.6188
2024-09-25,4.4046,4.4619,4.5383,4.3663,1.7429,40351911,0.8346,5.3332,0.6296
2024-09-26,4.4714,4.6339,4.6434,4.4428,3.8544,34918899,0.7222,5.5387,0.6539
2024-09-27,4.6721,4.5956,4.7485,4.5097,-0.8247,23047428,0.4767,5.4931,0.6485
2024-09-30,4.6721,4.9492,4.9969,4.5861,7.6923,57865088,1.1968,5.9156,0.6763
2024-10-08,5.446,5.0638,5.446,4.8823,2.3166,68377427,1.4142,6.0526,0.692
2024-10-09,4.9396,4.8058,5.0256,4.7772,-5.0943,56147939,1.1613,5.7443,0.6568
2024-10-10,4.8154,4.9587,5.0829,4.8154,3.1809,60148695,1.244,5.927,0.6776
2024-10-11,4.9874,4.9683,5.0638,4.9109,0.1927,41943841,0.8675,5.9384,0.679
2024-10-14,5.0638,5.3313,5.36,5.0256,7.3077,66020896,1.3655,6.3724,0.7286
2024-10-15,5.2549,5.1498,5.3504,5.102,-3.405,56553006,1.1697,6.1554,0.7038
2024-10-16,5.0829,5.2453,5.3218,5.0734,1.8553,50928281,1.0533,6.2696,0.7168
2024-10-17,5.2453,5.1976,5.3504,5.1785,-0.9107,26817251,0.5547,6.2125,0.7103
2024-10-18,5.2167,5.2931,5.3696,5.102,1.8382,38961419,0.8058,6.3267,0.7233
2024-10-21,5.2836,5.274,5.2931,5.1594,-0.361,27367430,0.566,6.3039,0.7207
2024-10-22,5.2836,5.2358,5.3504,5.188,-0.7246,29192470,0.6038,6.2582,0.7155
2024-10-23,5.2549,5.2453,5.3027,5.188,0.1825,23062661,0.477,6.2696,0.7168
2024-10-24,5.2071,5.2453,5.3027,5.188,0.0,16863427,0.3488,6.2696,0.7168
2024-10-25,5.2549,5.2071,5.2645,5.1594,-0.7286,16262276,0.3363,6.2239,0.7116
2024-10-28,5.1785,5.1402,5.2071,5.1211,-1.2844,17902365,0.3703,6.144,0.7025
2024-10-29,5.1402,5.1498,5.2358,5.1307,0.1859,21092725,0.4363,6.1554,0.7038
2024-10-30,5.1498,5.1116,5.1976,5.0256,-0.7421,21864366,0.4522,6.1097,0.6985
2024-10-31,5.1498,5.1594,5.2071,5.0734,0.9346,22620725,0.4679,6.1668,0.7051
2024-11-01,5.1785,5.4269,5.6562,5.1402,5.1852,76555624,1.5834,6.4866,0.7416
2024-11-04,5.4842,5.4269,5.5415,5.2836,0.0,45329964,0.9375,6.4866,0.7416
2024-11-05,5.4269,5.4173,5.4746,5.3122,-0.1761,37299871,0.7715,6.4752,0.7403
2024-11-06,5.3982,5.4364,5.4746,5.3122,0.3527,45199223,0.9348,6.498,0.7429
2024-11-07,5.4173,5.5224,5.5415,5.36,1.5817,35494790,0.7341,6.6008,0.7547
2024-11-08,5.5129,5.36,5.532,5.3313,-2.9412,44219302,0.9146,6.4067,0.7325
2024-11-11,5.3122,5.1498,5.3409,5.0925,-3.9216,44385124,0.918,6.1554,0.7038
2024-11-12,5.1498,5.0256,5.1785,4.9778,-2.4119,49731434,1.0286,6.007,0.6868
2024-11-13,4.9874,5.0447,5.1211,4.9874,0.3802,36021308,0.745,6.0298,0.6894
2024-11-14,5.0256,5.0065,5.0925,4.9874,-0.7576,31543720,0.6524,5.9841,0.6842
2024-11-15,5.0065,5.0638,5.1307,4.9683,1.145,42322773,0.8753,6.0526,0.692
2024-11-18,5.0925,5.0638,5.2358,5.0351,0.0,61303432,1.2679,6.0526,0.692
2024-11-19,5.016,5.0351,5.1307,4.9301,-0.566,51813598,1.0716,6.0184,0.6881
2024-11-20,5.0256,4.9969,5.0734,4.9587,-0.759,31887196,0.6595,5.9727,0.6829
2024-11-21,4.9778,4.9587,4.9969,4.9301,-0.7648,19347682,0.4002,5.927,0.6776
2024-11-22,4.9683,4.7772,4.9778,4.7676,-3.6609,36154618,0.7478,5.71,0.6528
2024-11-25,4.7772,4.7963,4.8536,4.7485,0.4,29515026,0.6104,5.7329,0.6555
2024-11-26,4.7867,4.8536,4.9014,4.7485,1.1952,30876300,0.6386,5.8014,0.6633
2024-11-27,4.8536,4.9301,4.9301,4.7581,1.5748,28084867,0.5809,5.8928,0.6737
2024-11-28,4.9109,4.9109,4.9683,4.8823,-0.3876,17776081,0.3677,5.8699,0.6711
2024-11-29,4.9301,4.9109,4.9778,4.9014,0.0,29583958,0.6119,5.8699,0.6711
2024-12-02,4.9301,4.8632,4.9301,4.8536,-0.9728,33318900,0.6891,5.8128,0.6646
2024-12-03,4.8727,4.9396,4.9492,4.8345,1.5717,33874446,0.7006,5.9042,0.675
2024-12-04,4.9301,4.9301,4.9587,4.8918,-0.1934,22616752,0.4678,5.8928,0.6737
2024-12-05,4.9205,4.9778,4.9969,4.9109,0.969,23530409,0.4867,5.9499,0.6803
2024-12-06,4.9778,5.0065,5.0543,4.9683,0.5758,28458755,0.5886,5.9841,0.6842
2024-12-09,4.9969,5.0543,5.0734,4.9778,0.9542,24324167,0.5031,6.0412,0.6907
2024-12-10,5.1211,5.0638,5.1307,5.0256,0.189,31201042,0.6453,6.0526,0.692
2024-12-11,5.0447,5.0065,5.0734,4.9874,-1.1321,29253500,0.605,5.9841,0.6842
2024-12-12,5.016,5.102,5.1307,4.9874,1.9084,34121642,0.7057,6.0983,0.6972
2024-12-13,5.0925,5.0351,5.1498,5.016,-1.3109,36402232,0.7529,6.0184,0.6881
2024-12-16,5.0256,5.0256,5.0829,4.9969,-0.1898,30668939,0.6343,6.007,0.6868
2024-12-17,5.0256,4.9778,5.0447,4.9587,-0.9506,27536061,0.5695,5.9499,0.6803
2024-12-18,4.9969,5.0925,5.1307,4.9778,2.3033,30828329,0.6376,6.0869,0.6959
2024-12-19,5.0543,5.0543,5.1116,4.9874,-0.7505,26145027,0.5407,6.0412,0.6907
2024-12-20,5.0543,5.0351,5.1211,5.016,-0.3781,23626061,0.4886,6.0184,0.6881
2024-12-23,5.0447,5.1307,5.188,5.0351,1.8975,37402884,0.7736,6.1326,0.7012
2024-12-24,5.1307,5.1689,5.2071,5.1116,0.7449,28674631,0.5931,6.1783,0.7064
2024-12-25,5.1689,5.3218,5.3409,5.1307,2.9575,37040724,0.7661,6.361,0.7273
2024-12-26,5.3218,5.3027,5.3409,5.2358,-0.3591,30406033,0.6289,6.3382,0.7247
2024-12-27,5.3122,5.3122,5.3504,5.1594,0.1802,35474682,0.7337,6.3496,0.726
2024-12-30,5.2836,5.3982,5.4078,5.2836,1.6187,36039842,0.7454,6.4524,0.7377
2024-12-31,5.3982,5.3409,5.446,5.3409,-1.0619,34779734,0.7193,5.4204,0.6759
2025-01-02,5.3696,5.2358,5.4078,5.1785,-1.9678,28053926,0.5802,5.3137,0.6626
2025-01-03,5.2453,5.1594,5.2931,5.1498,-1.4599,22865989,0.4729,5.2362,0.6529
2025-01-06,5.1498,5.2071,5.2262,5.1116,0.9259,34858970,0.721,5.2846,0.6589
2025-01-07,5.1976,5.1689,5.2358,5.1211,-0.7339,23701223,0.4902,5.2459,0.6541
2025-01-08,5.1785,5.2453,5.2645,5.1498,1.4787,28413159,0.5877,5.3234,0.6638
2025-01-09,5.2453,5.1689,5.2453,5.1498,-1.4572,22443386,0.4642,5.2459,0.6541
2025-01-10,5.1689,5.102,5.1976,5.0447,-1.2939,21598406,0.4467,5.178,0.6456
2025-01-13,5.0734,5.0925,5.102,4.9492,-0.1873,30301095,0.6267,5.1683,0.6444
2025-01-14,5.0829,5.1402,5.1689,5.0543,0.9381,23705718,0.4903,5.2168,0.6505
2025-01-15,5.1498,5.188,5.274,5.1307,0.9294,27341133,0.5655,5.2652,0.6565
2025-01-16,5.2358,5.3887,5.3887,5.1976,3.8674,43145543,0.8924,5.4689,0.6819
2025-01-17,5.3791,5.3504,5.4746,5.3313,-0.7092,33150028,0.6856,5.4301,0.6771
2025-01-20,5.36,5.3504,5.4364,5.3027,0.0,24086053,0.4982,5.4301,0.6771
2025-01-21,5.36,5.3313,5.3887,5.3122,-0.3571,16044203,0.3318,5.4107,0.6747
2025-01-22,5.3409,5.1785,5.3504,5.1498,-2.8674,28936234,0.5985,5.2555,0.6553
2025-01-23,5.247,5.3351,5.4134,5.2176,3.0246,32841364,0.6792,5.2846,0.6589
2025-01-24,5.2861,5.3938,5.4232,5.2568,1.1009,26761589,0.5535,5.3428,0.6662
2025-01-27,5.433,5.6581,5.7267,5.4232,4.9002,58588678,1.2118,5.6046,0.6988
2025-02-05,5.6581,5.5113,5.6973,5.4917,-2.5952,32907989,0.6806,5.4592,0.6807
2025-02-06,5.5602,5.6973,5.7169,5.5602,3.3748,46872040,0.9694,5.6434,0.7037
2025-02-07,5.6875,5.756,5.756,5.6092,1.0309,40519311,0.838,5.7016,0.7109
2025-02-10,5.7364,5.6092,5.7756,5.5798,-2.551,45891257,0.9491,5.5561,0.6928
2025-02-11,5.5896,5.6973,5.7952,5.57,1.5707,52027537,1.0761,5.6434,0.7037
2025-02-12,5.6777,5.6973,5.756,5.5994,0.0,24506900,0.5069,5.6434,0.7037
2025-02-13,5.6875,5.6483,5.7071,5.6386,-0.8591,23707416,0.4903,5.5949,0.6976
2025-02-14,5.6483,5.6875,5.7071,5.5896,0.6932,23275908,0.4814,5.6337,0.7025
2025-02-17,5.6386,5.6679,5.6973,5.5798,-0.3442,27596636,0.5708,5.6143,0.7001
2025-02-18,5.6483,5.8539,5.9812,5.6386,3.2815,63832170,1.3202,5.7986,0.723
2025-02-19,5.8441,5.8148,5.8833,5.756,-0.6689,31121891,0.6437,5.7598,0.7182
2025-02-20,5.7952,5.805,5.8931,5.7658,-0.1684,32794241,0.6783,5.7501,0.717
2025-02-21,5.805,5.7364,5.8343,5.6973,-1.1804,40706681,0.8419,5.6822,0.7085
2025-02-24,5.7071,5.756,5.8343,5.6777,0.3413,36716300,0.7594,5.7016,0.7109
2025-02-25,5.7462,5.7658,5.8539,5.7169,0.1701,25668615,0.5309,5.7113,0.7121
2025-02-26,5.7267,5.8637,5.9322,5.7267,1.6978,34567379,0.7149,5.8083,0.7242
2025-02-27,5.8735,5.9616,5.9812,5.8637,1.6694,31561318,0.6528,5.9052,0.7363
2025-02-28,5.942,5.8931,5.991,5.8637,-1.1494,28929470,0.5983,5.8373,0.7279
2025-03-03,5.8931,5.8637,5.9322,5.7952,-0.4983,38482865,0.7959,5.8083,0.7242
2025-03-04,5.8735,5.942,5.9714,5.8441,1.3356,28866100,0.597,5.8858,0.7339
2025-03-05,5.9518,6.0791,6.0791,5.9322,2.3064,29070447,0.6013,6.0216,0.7508
2025-03-06,6.0497,6.1084,6.1476,6.0105,0.4831,33117755,0.685,6.0507,0.7545
2025-03-07,6.1378,6.1672,6.2846,6.1084,0.9615,38362741,0.7934,6.1088,0.7617
2025-03-10,6.1182,6.0791,6.177,6.0399,-1.4286,26612600,0.5504,6.0216,0.7508
2025-03-11,6.0301,6.2455,6.2651,6.0301,2.7375,34102873,0.7053,6.1864,0.7714
2025-03-12,6.2161,6.128,6.2846,6.1182,-1.8809,31144540,0.6441,6.0701,0.7569
2025-03-13,6.1476,5.942,6.1574,5.8637,-3.0351,67593804,1.398,5.8858,0.7339
2025-03-14,5.9029,5.9127,5.9616,5.8539,-0.4942,58400506,1.2079,5.8567,0.7303
2025-03-17,5.9029,5.9029,5.9322,5.8343,-0.1656,35976801,0.7441,5.847,0.7291
2025-03-18,5.9029,5.8637,5.9224,5.8539,-0.6633,26283880,0.5436,5.8083,0.7242
2025-03-19,5.8637,5.9127,5.9224,5.7756,0.8347,41041517,0.8488,5.8567,0.7303
2025-03-20,5.8931,5.9224,5.9518,5.8735,0.1656,28286648,0.585,5.8664,0.7315
2025-03-21,5.9127,5.8343,5.9322,5.8245,-1.4876,27817682,0.5753,5.7792,0.7206
2025-03-24,5.8343,5.942,5.9518,5.8343,1.8456,30949633,0.6401,5.8858,0.7339
2025-03-25,5.9518,5.9812,6.0008,5.9322,0.659,28284794,0.585,5.9246,0.7387
2025-03-26,5.9714,5.8833,5.9714,5.8539,-1.6367,27248763,0.5636,5.8276,0.7267
2025-03-27,5.8539,5.8441,5.8931,5.8245,-0.6656,22049300,0.456,5.7889,0.7218
2025-03-28,5.8637,5.9029,5.9616,5.8637,1.005,36121360,0.7471,5.847,0.7291
2025-03-31,5.9224,5.9322,6.0008,5.8637,0.4975,29105160,0.602,5.8762,0.7333
2025-04-01,5.942,5.9224,5.991,5.8539,-0.165,26354273,0.5451,5.8665,0.7321
2025-04-02,5.9224,6.0497,6.0791,5.9029,2.1488,39621019,0.8195,5.9925,0.7479
2025-04-03,6.0301,6.0595,6.0791,5.9714,0.1618,22978954,0.4753,6.0022,0.7491
2025-04-07,5.9127,5.6973,5.9224,5.5015,-5.9774,60069601,1.2424,5.6434,0.7043
2025-04-08,5.6973,5.7756,5.8539,5.6581,1.3746,48685219,1.0069,5.721,0.714
2025-04-09,5.7169,5.7854,5.8245,5.619,0.1695,56553506,1.1697,5.7307,0.7152
2025-04-10,5.7854,5.8931,5.942,5.7462,1.8613,32272976,0.6675,5.8374,0.7285
2025-04-11,5.8931,5.8735,5.9127,5.7756,-0.3322,23090089,0.4776,5.818,0.7261
2025-04-14,5.8735,5.9127,5.9322,5.8245,0.6667,23716988,0.4905,5.8568,0.7309
2025-04-15,5.9127,5.9714,6.0203,5.9127,0.9934,26550486,0.5491,5.915,0.7382
2025-04-16,5.9812,6.0399,6.0595,5.9518,1.1475,20714707,0.4284,5.9828,0.7466
2025-04-17,6.0301,6.0497,6.0791,5.9714,0.1621,21519062,0.4451,5.9925,0.7479
2025-04-18,6.0203,6.0497,6.128,6.0203,0.0,17538532,0.3627,5.9925,0.7479
2025-04-21,6.0301,5.9518,6.0986,5.8833,-1.6181,37849070,0.7828,5.8956,0.7358
2025-04-22,5.9518,6.0301,6.1084,5.942,1.3158,42139070,0.8715,5.9731,0.7454
2025-04-23,6.0301,5.9714,6.0889,5.9714,-0.974,23383146,0.4836,5.915,0.7382
2025-04-24,5.9714,6.1574,6.1965,5.9714,3.1148,46156068,0.9546,6.0992,0.7612
2025-04-25,6.1476,6.1672,6.2161,6.0986,0.159,28388457,0.5871,6.1089,0.7624
2025-04-28,6.2553,6.2161,6.3042,6.1672,0.7937,47554585,0.9835,6.1574,0.7684
2025-04-29,6.2259,6.177,6.3238,6.1476,-0.6299,28745512,0.5945,6.1186,0.7636
2025-04-30,6.1476,5.991,6.1672,5.9714,-3.0111,39881476,0.8248,5.9343,0.7406
2025-05-06,6.0301,6.0105,6.0399,5.942,0.3268,32666922,0.6756,5.9537,0.743
2025-05-07,6.0399,6.0595,6.0986,6.0301,0.8143,28975911,0.5993,6.0022,0.7491
2025-05-08,6.0497,6.1867,6.2063,6.0301,2.1002,35061740,0.7252,6.1283,0.7648
2025-05-09,6.1867,6.2846,6.2944,6.177,1.5823,28072783,0.5806,6.2252,0.7769
2025-05-12,6.2651,6.3336,6.3727,6.2455,0.7788,31533504,0.6522,6.2737,0.7829
2025-05-13,6.3238,6.3923,6.4119,6.2651,0.9274,30235676,0.6253,6.3319,0.7902
2025-05-14,6.3825,6.4706,6.5392,6.3532,1.2251,37539407,0.7764,6.4095,0.7999
2025-05-15,6.4315,6.4217,6.5294,6.4119,-0.7564,29199895,0.6039,6.361,0.7938
2025-05-16,6.4119,6.4021,6.4413,6.3238,-0.3049,20125536,0.4162,6.3416,0.7914
2025-05-19,6.4021,6.363,6.4315,6.3434,-0.6116,21321170,0.441,6.3028,0.7866
2025-05-20,6.363,6.3336,6.4706,6.3238,-0.4615,25112283,0.5194,6.2737,0.7829
2025-05-21,6.3434,6.4804,6.4902,6.3434,2.3184,33420159,0.6912,6.4192,0.8011
2025-05-22,6.4804,6.5196,6.5294,6.4413,0.6042,27313804,0.5649,6.458,0.8059
2025-05-23,6.5098,6.4119,6.5489,6.4021,-1.6517,33952136,0.7022,6.3513,0.7926
2025-05-26,6.3923,6.3042,6.4315,6.2748,-1.6794,32749616,0.6773,6.2446,0.7793
2025-05-27,6.314,6.4413,6.4511,6.314,2.1739,38893719,0.8044,6.3804,0.7963
2025-05-28,6.4217,6.4217,6.4902,6.363,-0.304,24990572,0.5169,6.361,0.7938
2025-05-29,6.4217,6.4315,6.4804,6.363,0.1524,24912971,0.5153,6.3707,0.7951
2025-05-30,6.4119,6.5,6.5098,6.4119,1.0654,29642309,0.6131,6.4386,0.8035
2025-06-03,6.5,6.5587,6.637,6.4706,0.9036,34707723,0.7178,6.4968,0.8108
2025-06-04,6.5685,6.6077,6.6077,6.5196,0.7463,23796491,0.4899,6.5753,0.8206
2025-06-05,6.6077,6.5,6.6566,6.4902,-1.6296,23414296,0.482,6.4682,0.8072
2025-06-06,6.5196,6.5098,6.5685,6.4804,0.1506,20549316,0.4231,6.4779,0.8084
2025-06-09,6.5196,6.5,6.5392,6.4217,-0.1504,27084611,0.5576,6.4682,0.8072
2025-06-10,6.5,6.5196,6.5979,6.4902,0.3012,34471211,0.7097,6.4877,0.8096
2025-06-11,6.5196,6.5,6.5294,6.4608,-0.3003,23769392,0.4894,6.4682,0.8072
2025-06-12,6.53,6.56,6.59,6.5,0.9231,31105281,0.6404,6.3902,0.7975
2025-06-13,6.56,6.5,6.59,6.48,-0.9146,31995036,0.6587,6.3318,0.7902
2025-06-16,6.5,6.52,6.53,6.45,0.3077,29473860,0.6068,6.3513,0.7926
2025-06-17,6.51,6.51,6.56,6.47,-0.1534,23406470,0.4819,6.3415,0.7914
2025-06-18,6.51,6.56,6.57,6.49,0.768,31273230,0.6438,6.3902,0.7975
2025-06-19,6.56,6.51,6.6,6.48,-0.7622,30637179,0.6308,6.3415,0.7914
2025-06-20,6.51,6.58,6.64,6.48,1.0753,51970265,1.07,6.4097,0.7999
2025-06-23,6.55,6.58,6.61,6.45,0.0,86135380,1.7733,6.4097,0.7999
2025-06-24,6.56,6.66,6.76,6.54,1.2158,95504336,1.9662,6.4877,0.8096
2025-06-25,6.64,6.62,6.68,6.52,-0.6006,78198028,1.6099,6.4487,0.8048
2025-06-26,6.62,6.64,6.64,6.52,0.3021,99743217,1.9614,6.7719,0.8451
2025-06-27,6.59,6.44,6.67,6.4,-3.012,138483200,2.7232,6.5679,0.8197
2025-06-30,6.41,6.32,6.41,6.28,-1.8634,84334576,1.6577,6.4482,0.7601
2025-07-01,6.33,6.5,6.52,6.32,2.8481,96147965,1.8899,6.6318,0.7817
2025-07-02,6.49,6.47,6.55,6.45,-0.4615,73497137,1.4447,6.6012,0.7781
2025-07-03,6.47,6.47,6.5,6.42,0.0,41880304,0.8232,6.6012,0.7781
2025-07-04,6.45,6.52,6.56,6.45,0.7728,110341896,2.1689,6.6522,0.7841
2025-07-07,6.5,6.37,6.52,6.25,-2.3006,171545528,3.372,6.4992,0.7661
2025-07-08,6.36,6.45,6.47,6.34,1.2559,164265300,3.2289,6.5808,0.7757
2025-07-09,6.46,6.44,6.52,6.38,-0.155,86122421,1.6929,6.5706,0.7745
2025-07-10,6.44,6.48,6.56,6.43,0.6211,125725329,2.4713,6.6114,0.7793
2025-07-11,6.49,6.42,6.71,6.4,-0.9259,162220480,3.1887,6.5502,0.7721
2025-07-14,6.36,6.44,6.49,6.36,0.3115,110203577,2.1662,6.5706,0.7745
2025-07-15,6.43,6.23,6.48,6.22,-3.2609,130545534,2.566,6.3563,0.7493
2025-07-16,6.24,6.09,6.24,6.03,-2.2472,120477200,2.3681,6.2135,0.7324
2025-07-17,6.1,6.06,6.16,6.03,-0.4926,85622310,1.683,6.1829,0.7288
2025-07-18,6.08,6.27,6.29,6.04,3.4653,183057883,3.5982,6.3972,0.7541
2025-07-21,6.24,6.18,6.27,6.12,-1.4354,97241900,1.9114,6.3053,0.7432
2025-07-22,6.16,6.22,6.25,6.09,0.6472,84910275,1.669,6.3461,0.7481
2025-07-23,6.2,6.32,6.43,6.19,1.6077,135747333,2.6683,6.4482,0.7601
2025-07-24,6.32,6.16,6.33,6.14,-2.5316,100711950,1.9796,6.2849,0.7408
2025-07-25,6.15,6.18,6.25,6.14,0.3247,57916424,1.1384,6.3053,0.7432
2025-07-28,6.34,6.3,6.53,6.28,1.9417,159174869,3.1288,6.4278,0.7577
2025-07-29,6.33,6.21,6.38,6.2,-1.4286,83511376,1.6415,6.3359,0.7468
2025-07-30,6.22,6.18,6.26,6.17,-0.4831,65931925,1.296,6.3053,0.7432
2025-07-31,6.18,6.03,6.19,6.0,-2.4272,90824200,1.7853,6.1523,0.7252
2025-08-01,6.05,6.03,6.11,5.95,0.0,75220009,1.4786,6.1523,0.7252
2025-08-04,6.02,6.08,6.17,6.01,0.8292,92296729,1.8142,6.2033,0.7312
2025-08-05,6.1,6.26,6.26,6.07,2.9605,88290971,1.7355,6.387,0.7529
2025-08-06,6.25,6.24,6.3,6.17,-0.3195,66491335,1.307,6.3666,0.7505
2025-08-07,6.23,6.19,6.26,6.18,-0.8013,55571993,1.0923,6.3155,0.7444
2025-08-08,6.21,6.11,6.24,6.09,-1.2924,76136826,1.4966,6.2339,0.7348
2025-08-11,6.13,6.11,6.2,6.09,0.0,65111136,1.2798,6.2339,0.7348
2025-08-12,6.12,6.11,6.16,6.09,0.0,44631898,0.8773,6.2339,0.7348
2025-08-13,6.1,6.09,6.21,6.08,-0.3273,105524139,1.7148,7.516,0.8859
2025-08-14,6.09,6.03,6.12,6.01,-0.9852,70671521,1.1484,7.4419,0.8772
2025-08-15,6.01,5.89,6.02,5.82,-2.3217,140939319,2.2903,7.2692,0.8569
2025-08-18,5.86,5.86,5.88,5.81,-0.5093,78064616,1.2686,7.2321,0.8525
2025-08-19,5.86,5.82,5.87,5.81,-0.6826,80449943,1.3073,7.1828,0.8467
2025-08-20,5.82,5.86,5.88,5.8,0.6873,72469706,1.1776,7.2321,0.8525
2025-08-21,5.85,5.87,5.9,5.82,0.1706,79217034,1.2873,7.2445,0.8539
2025-08-22,5.87,5.75,5.87,5.73,-2.0443,107719392,1.7504,7.0964,0.8365
2025-08-25,5.76,5.79,5.82,5.74,0.6957,98056127,1.5934,7.1457,0.8423
2025-08-26,5.79,5.71,5.8,5.71,-1.3817,84192572,1.3681,7.047,0.8307
2025-08-27,5.71,5.63,5.72,5.62,-1.4011,78849178,1.2813,6.9483,0.819
2025-08-28,5.62,5.64,5.67,5.58,0.1776,80023462,1.3004,6.9606,0.8205
2025-08-29,5.66,5.57,5.7,5.56,-1.2411,120071700,1.9512,6.8742,0.8103
2025-09-01,5.58,5.54,5.62,5.52,-0.5386,84690386,1.3762,6.8372,0.8059
2025-09-02,5.54,5.75,5.76,5.53,3.7906,162746982,2.6446,7.0964,0.8365
2025-09-03,5.74,5.69,5.78,5.67,-1.0435,75227409,1.2224,7.0223,0.8278
2025-09-04,5.68,5.67,5.7,5.56,-0.3515,69468874,1.1289,6.9976,0.8248
2025-09-05,5.67,5.61,5.68,5.56,-1.0582,61158299,0.9938,6.9236,0.8161
2025-09-08,5.61,5.61,5.67,5.6,0.0,60110518,0.9768,6.9236,0.8161
2025-09-09,5.61,5.76,5.76,5.59,2.6738,90252294,1.4666,7.1087,0.8379
2025-09-10,5.73,5.78,5.81,5.69,0.3472,79801680,1.2968,7.1334,0.8408
2025-09-11,5.76,5.8,5.82,5.74,0.346,73610892,1.1962,7.1581,0.8438
2025-09-12,5.79,5.66,5.81,5.65,-2.4138,77337200,1.2567,6.9853,0.8234
2025-09-15,5.65,5.58,5.67,5.56,-1.4134,71614457,1.1637,6.8866,0.8118
2025-09-16,5.6,5.6,5.63,5.52,0.3584,79081700,1.2851,6.9113,0.8147
2025-09-17,5.58,5.57,5.63,5.54,-0.5357,72601066,1.1798,6.8742,0.8103
2025-09-18,5.56,5.51,5.65,5.5,-1.0772,92563667,1.5042,6.8002,0.8016
2025-09-19,5.51,5.67,5.68,5.48,2.9038,100088751,1.6264,6.9976,0.8248
2025-09-22,5.66,5.64,5.74,5.62,-0.5291,77619826,1.2613,6.9606,0.8205
2025-09-23,5.62,5.77,5.85,5.56,2.305,170904556,2.7772,7.1211,0.8394
2025-09-24,5.81,5.87,5.9,5.74,1.7331,106655815,1.7332,7.2445,0.8539
2025-09-25,5.84,5.81,5.86,5.75,-1.0221,68730405,1.1169,7.1704,0.8452
2025-09-26,5.8,5.86,5.88,5.7,0.8606,63008324,1.0239,7.2321,0.8525
2025-09-29,5.85,5.8,5.86,5.75,-1.0239,67860572,1.1027,7.1581,0.8438
2025-09-30,5.8,5.74,5.81,5.7,-1.0345,70008110,1.1376,7.084,0.7342
2025-10-09,5.71,5.72,5.75,5.65,-0.3484,54778884,0.8902,7.0594,0.7317
2025-10-10,5.72,5.89,5.95,5.71,2.972,95089714,1.5452,7.2692,0.7534
2025-10-13,5.85,6.04,6.1,5.81,2.5467,117569007,1.9105,7.4543,0.7726
2025-10-14,6.03,6.09,6.14,5.96,0.8278,93458669,1.5187,7.516,0.779
2025-10-15,6.1,6.03,6.12,6.01,-0.9852,68474865,1.1127,7.4419,0.7713
2025-10-16,6.03,6.12,6.12,6.01,1.4925,56155119,0.9125,7.553,0.7828
2025-10-17,6.11,6.18,6.22,6.09,0.9804,72396040,1.1764,7.6271,0.7905
2025-10-20,6.15,6.17,6.22,6.04,-0.1618,63706539,1.0352,7.6147,0.7892
2025-10-21,6.18,6.23,6.25,6.14,0.9724,64636265,1.0503,7.6888,0.7969
2025-10-22,6.21,6.21,6.27,6.17,-0.321,39675150,0.6447,7.6641,0.7943
2025-10-23,6.21,6.16,6.26,6.11,-0.8052,73028363,1.1867,7.6024,0.7879
2025-10-24,6.16,6.09,6.16,6.07,-1.1364,44892500,0.7295,7.516,0.779
2025-10-27,6.08,6.06,6.12,6.02,-0.4926,45407400,0.7379,7.479,0.7751
2025-10-28,6.08,6.06,6.13,6.03,0.0,47505178,0.772,7.479,0.7751
2025-10-29,6.04,5.9,6.05,5.89,-2.6403,85156899,1.3838,7.2815,0.7547
2025-10-30,5.89,5.88,5.97,5.86,-0.339,57240200,0.9302,7.2568,0.7521
2025-10-31,5.98,6.05,6.1,5.96,2.8912,123491279,2.0067,7.4666,0.7739
2025-11-03,6.03,6.09,6.15,6.02,0.6612,68164800,1.1077,7.516,0.779
2025-11-04,6.1,6.15,6.21,6.07,0.9852,60821076,0.9883,7.59,0.7867
2025-11-05,6.15,6.12,6.18,6.09,-0.4878,48568392,0.7892,7.553,0.7828
2025-11-06,6.12,6.17,6.2,6.08,0.817,67169097,1.0915,7.6147,0.7892
2025-11-07,6.16,6.08,6.24,6.07,-1.4587,64813201,1.0532,7.5036,0.7777
2025-11-10,6.06,6.2,6.23,6.06,1.9737,72717646,1.1817,7.6517,0.793
2025-11-11,6.2,6.25,6.26,6.15,0.8065,50760758,0.8249,7.7135,0.7994
2025-11-12,6.25,6.25,6.29,6.22,0.0,39257212,0.6379,7.7135,0.7994
2025-11-13,6.24,6.24,6.28,6.15,-0.16,54008364,0.8776,7.7011,0.7982
2025-11-14,6.24,6.2,6.32,6.18,-0.641,36639750,0.5954,7.6517,0.793
2025-11-17,6.2,6.09,6.2,6.05,-1.7742,57462700,0.9338,7.516,0.779
2025-11-18,6.08,6.03,6.12,5.97,-0.9852,60976800,0.9909,7.4419,0.7713
2025-11-19,6.03,6.08,6.11,6.01,0.8292,35999921,0.585,7.5036,0.7777
2025-11-20,6.08,6.09,6.15,6.05,0.1645,49696411,0.8076,7.516,0.779
2025-11-21,6.08,5.96,6.11,5.94,-2.1346,62300600,1.0124,7.3556,0.7623
